ID,Datetime,Temperature,Heat Index,Humidity,Water flow,Soil Moisture,Water quantity
5232,4/28/2005,37.7,33.08,1.4,0,26.64,0
5233,4/29/2005,35.9,31.87,4,0,26.64,0
5234,4/30/2005,35,31.31,5.8,0,26.39,0
5235,5/1/2005,33,30.36,11,0,26.39,0
5236,5/2/2005,30.9,28.89,16.7,0,26.39,0
5237,5/3/2005,29.2,27.84,26.2,0,26.39,0
5238,5/4/2005,27.5,27.63,46,0,26.39,0
5239,5/5/2005,26.4,27.5,62.7,0,26.64,0
5240,5/6/2005,26.2,27.48,67.7,0,26.64,0
5241,5/7/2005,26.2,27.59,70.1,0,26.64,0
5242,5/8/2005,26,27.34,71.3,0,26.64,0
5243,5/9/2005,31.2,29.48,24.3,0,26.39,0
5244,5/10/2005,34.7,32.02,12.2,0,26.15,0
5245,5/11/2005,36.6,32.69,5.7,0,26.15,0
5246,5/12/2005,40.7,35.42,1,0,26.15,0
5247,5/13/2005,38.9,34,1,0,26.15,0
5248,5/14/2005,38.2,33.52,1.7,0,25.9,0
5249,5/15/2005,37.1,32.83,3.5,0,25.9,0
5250,5/16/2005,38,33.28,1,0,25.9,0
5251,5/17/2005,40.6,35.35,1,0,25.66,0
5252,5/18/2005,38.7,33.85,1,0,25.66,0
5253,5/19/2005,37.6,33.01,1.5,0,25.42,0
5254,5/20/2005,35.8,31.83,4.4,0,25.42,0
5255,5/21/2005,33.8,30.59,7.6,0,25.42,0
5256,5/22/2005,32.4,30.03,12.4,0,25.42,0
5257,5/23/2005,29.1,27.8,27,0,25.42,0
5258,5/24/2005,28.1,27.4,34.5,0,25.42,0
5259,5/25/2005,27.1,27.39,48.1,0,25.42,0
5260,5/26/2005,26.8,27.43,53.4,0,25.42,0
5261,5/27/2005,26.5,27.33,57.2,0,25.42,0
5262,5/28/2005,26.5,27.43,59.1,0,25.42,0
5263,5/29/2005,26.3,27.39,63,0,25.42,0
5264,5/30/2005,26.5,27.86,66.9,0,25.42,0
5265,5/31/2005,26.4,27.83,69,0,26.15,0
5266,6/1/2005,38.8,33.92,20.9,0,25.17,0
5267,6/2/2005,40.8,35.5,11.7,0,25.17,0
5268,6/3/2005,40,34.87,7.1,0,24.93,0
5269,6/4/2005,39.5,34.48,8.2,0,25.17,0
5270,6/5/2005,39.2,34.24,6.2,0,24.93,0
5271,6/6/2005,39.3,34.32,10.1,0,24.93,0
5272,6/7/2005,40.2,35.03,18.3,0,24.93,0
5273,6/8/2005,39.9,34.8,11.7,0,24.93,0
5274,6/9/2005,41.2,35.82,7.7,0,24.68,0
5275,6/10/2005,37.2,32.64,12,0,24.68,0
5276,6/11/2005,35.9,31.68,15.8,0,24.68,0
5277,6/12/2005,31.6,29.43,9,0,24.68,0
5278,6/13/2005,29.2,27.69,13.7,0,24.44,0
5279,6/14/2005,28,27.18,14.2,0,24.68,0
5280,6/15/2005,26.9,27.5,52.9,0,24.44,0
5281,6/16/2005,26.7,27.65,58.9,0,24.68,0
5282,6/17/2005,26.7,27.7,59.8,0,24.68,0
5283,6/18/2005,38.7,34.48,5.4,0,24.44,0
5284,6/19/2005,40.7,35.42,20.9,0,24.44,0
5285,6/20/2005,41.3,35.89,11.7,0,24.44,0
5286,6/21/2005,41,35.66,7.1,0,24.44,0
5287,6/22/2005,42.3,36.68,8.2,0,24.68,0
5288,6/23/2005,41.1,35.74,6.2,0,24.93,0
5289,6/24/2005,41.3,35.89,10.1,0,25.17,0
5290,6/25/2005,40.9,35.58,18.3,0,25.66,0
5291,6/26/2005,41.2,35.82,11.7,0,26.39,0
5292,6/27/2005,36.7,32.75,7.7,0,26.88,0
5293,6/28/2005,36.5,32.85,12,0,27.61,0
5294,6/29/2005,34.2,31.44,15.8,0,28.35,0
5295,6/30/2005,32.6,30.36,9,0,29.08,0
5296,7/1/2005,31,29.18,13.7,0,29.57,0
5297,7/2/2005,29,29.11,14.2,0,30.79,0
5298,7/3/2005,28.3,28.81,50.2,0,31.28,0
5299,7/4/2005,27.7,28.6,55.6,0,32.01,0
5300,7/5/2005,27.3,28.44,59.6,0,32.5,0
5301,7/6/2005,27,28.44,64.8,0,32.75,0
5302,7/7/2005,27,28.45,65,0,32.99,0
5303,7/8/2005,42.8,37.09,1,0,35.43,0
5304,7/9/2005,40,35.01,1.9,0,35.43,0
5305,7/10/2005,41.4,35.97,20.9,0,35.19,0
5306,7/11/2005,40.5,35.27,11.7,0,35.19,0
5307,7/12/2005,39.2,34.24,7.1,0,35.19,0
5308,7/13/2005,42.9,37.17,8.2,0,34.95,0
5309,7/14/2005,42.5,36.84,6.2,0,34.95,0
5310,7/15/2005,41.5,36.05,10.1,0,34.95,0
5311,7/16/2005,39.8,34.72,18.3,0,34.95,0
5312,7/17/2005,38.1,33.52,11.7,0,34.7,0
5313,7/18/2005,34.9,31.54,7.7,0,34.7,0
5314,7/19/2005,36,32.25,12,0,34.7,0
5315,7/20/2005,34.2,31.35,15.8,0,34.7,0
5316,7/21/2005,32.2,30.02,9,0,34.7,0
5317,7/22/2005,30.1,28.96,13.7,0,34.46,0
5318,7/23/2005,28.7,29.09,14.2,0,34.7,0
5319,7/24/2005,27.9,28.76,54.6,0,34.46,0
5320,7/25/2005,27.7,28.72,56.9,0,34.46,0
5321,7/26/2005,27.5,28.71,59.7,0,34.7,0
5322,7/27/2005,27.3,28.72,62.9,0,34.7,0
5323,7/28/2005,27,29.02,72,0,34.7,0
5324,7/29/2005,27.1,29.26,72.6,0,35.92,0
5325,7/30/2005,40.1,34.95,1,0,34.21,0
5326,7/31/2005,39.6,34.68,1.9,0,33.72,0
5327,8/1/2005,39.4,34.4,20.9,0,33.48,0
5328,8/2/2005,39.3,34.32,11.7,0,33.48,0
5329,8/3/2005,38.9,34,7.1,0,33.24,0
5330,8/4/2005,38.7,33.85,8.2,0,33.24,0
5331,8/5/2005,39.5,34.48,6.2,0,32.99,0
5332,8/6/2005,39.5,34.48,10.1,0,32.99,0
5333,8/7/2005,39.3,34.32,18.3,0,32.75,0
5334,8/8/2005,37.2,32.71,11.7,0,32.75,0
5335,8/9/2005,37,32.64,7.7,0,32.5,0
5336,8/10/2005,35.1,31.72,12,0,32.5,0
5337,8/11/2005,32.9,30.55,15.8,0,32.5,0
5338,8/12/2005,30.8,29.08,9,0,32.26,0
5339,8/13/2005,29.9,28.47,13.7,0,32.26,0
5340,8/14/2005,28.8,28.45,14.2,0,32.26,0
5341,8/15/2005,27.8,28.34,51.3,0,32.26,0
5342,8/16/2005,27.3,28.6,61.5,0,32.26,0
5343,8/17/2005,27,28.37,63.9,0,32.26,0
5344,8/18/2005,26.8,27.99,62.4,0,32.26,0
5345,8/19/2005,26.4,27.94,71,0,33.72,0
5346,8/20/2005,32.9,30.9,20.9,0,31.77,0
5347,8/21/2005,35.5,32.68,11.7,0,31.77,0
5348,8/22/2005,36.8,33.07,7.1,0,31.77,0
5349,8/23/2005,35,31.64,8.2,0,31.52,0
5350,8/24/2005,35.8,32.06,6.2,0,31.52,0
5351,8/25/2005,34.9,31.85,10.1,0,31.28,0
5352,8/26/2005,32,29.9,18.3,0,31.28,0
5353,8/27/2005,33.7,31.05,11.7,0,31.28,0
5354,8/28/2005,36.5,32.9,7.7,0,31.04,0
5355,8/29/2005,34.2,31.54,12,0,31.04,0
5356,8/30/2005,33,30.71,15.8,0,30.79,0
5357,8/31/2005,35.6,32.3,9,0,30.79,0
5358,9/1/2005,32.9,30.55,13.7,0,30.55,0
5359,9/2/2005,32.8,30.48,14.2,0,30.55,0
5360,9/3/2005,31.1,29.08,17.5,0,30.3,0
5361,9/4/2005,30.9,28.95,18.8,0,30.3,0
5362,9/5/2005,30.4,28.66,22.3,0,30.3,0
5363,9/6/2005,31.4,30.26,31,0,30.79,0
5364,9/7/2005,32.6,30.45,18.3,0,29.57,0
5365,9/8/2005,32.2,30.07,18,0,29.57,0
5366,9/9/2005,32.4,30.2,16.7,0,29.57,0
5367,9/10/2005,32.6,30.34,15.7,0,29.33,0
5368,9/11/2005,32.6,30.31,14.5,0,29.33,0
5369,9/12/2005,31.6,29.54,18.2,0,29.08,0
5370,9/13/2005,31,29.13,21.3,0,29.08,0
5371,9/14/2005,31.1,29.18,20.3,0,29.08,0
5372,9/15/2005,32.9,30.65,16.7,0,29.33,0
5373,9/16/2005,35.1,31.65,7.7,0,28.1,0
5374,9/17/2005,34.8,31.46,8.1,0,28.1,0
5375,9/18/2005,34.5,31.21,8.1,0,28.1,0
5376,9/19/2005,38,33.28,1,0,27.86,0
5377,9/20/2005,36,31.87,3.3,0,27.86,0
5378,9/21/2005,37.2,32.65,1.1,0,27.86,0
5379,9/22/2005,34.2,31,8.3,0,27.61,0
5380,9/23/2005,33.1,30.49,11.4,0,27.61,0
5381,9/24/2005,31.5,29.35,14.2,0,27.61,0
5382,9/25/2005,31,29.02,18.4,0,27.61,0
5383,9/26/2005,29.4,27.8,21.3,0,27.61,0
5384,9/27/2005,32,30.8,29.9,0,27.61,0
5385,9/28/2005,32.3,30.66,25.3,0,27.61,0
5386,9/29/2005,34.6,31.81,11.5,0,27.13,0
5387,9/30/2005,32.5,30.32,17.5,0,27.13,0
5388,10/1/2005,33.3,30.98,15.6,0,27.13,0
5389,10/2/2005,33.6,31.25,15.4,0,26.88,0
5390,10/3/2005,33.6,31.25,15.4,0,26.88,0
5391,10/4/2005,33.7,31.3,14.5,0,26.88,0
5392,10/5/2005,32.7,30.45,16.2,0,26.88,0
5393,10/6/2005,31.6,29.76,22.8,0,26.88,0
5394,10/7/2005,31.3,29.52,23.4,0,26.88,0
5395,10/8/2005,32.7,31.36,27.8,0,27.86,0
5396,10/9/2005,35.4,32.38,10.6,0,26.39,0
5397,10/10/2005,34,31.55,13.7,0,26.39,0
5398,10/11/2005,33.3,31.02,16.4,0,26.39,0
5399,10/12/2005,33.5,31.14,15.1,0,26.39,0
5400,10/13/2005,35.6,32.22,8.5,0,26.39,0
5401,10/14/2005,34.7,31.8,10.9,0,26.39,0
5402,10/15/2005,34.7,31.58,9.5,0,26.15,0
5403,10/16/2005,34.7,31.97,11.9,0,26.15,0
5404,10/17/2005,33,30.68,15.1,0,26.15,0
5405,10/18/2005,35.2,31.87,8.6,0,26.15,0
5406,10/19/2005,31.6,29.53,18,0,25.9,0
5407,10/20/2005,30.5,28.77,23,0,25.9,0
5408,10/21/2005,29.4,28.23,30.3,0,26.15,0
5409,10/22/2005,35.1,32.45,12.5,0,26.15,0
5410,10/23/2005,36,32.44,7.6,0,25.66,0
5411,10/24/2005,40.4,35.19,1,0,25.9,0
5412,10/25/2005,38.4,33.74,2.1,0,25.66,0
5413,10/26/2005,38.8,34.02,1.8,0,25.66,0
5414,10/27/2005,40.1,34.95,1,0,25.66,0
5415,10/28/2005,40.9,35.58,1,0,25.66,0
5416,10/29/2005,39.7,34.64,1,0,25.66,0
5417,10/30/2005,40.9,35.58,1,0,25.66,0
5418,10/31/2005,38.9,34,1,0,25.66,0
5419,11/1/2005,38.1,33.36,1,0,25.66,0
5420,11/2/2005,39.1,34.16,1,0,25.42,0
5421,11/3/2005,37.7,33.04,1,0,25.42,0
5422,11/4/2005,31.3,29.29,18.6,0,25.42,0
5423,11/5/2005,29.6,28.03,23.3,0,25.42,0
5424,11/6/2005,28.3,27.5,33.4,0,25.42,0
5425,11/7/2005,27.6,28.34,54,0,25.42,0
5426,11/8/2005,27.1,28.54,64.3,0,25.42,0
5427,11/9/2005,26.8,28.57,70.6,0,25.42,0
5428,11/10/2005,26.6,28.61,76.2,0,25.66,0
5429,11/11/2005,26.3,28.49,84.3,0,25.42,0
5430,11/12/2005,26.1,28.21,88.1,0,25.42,0
5431,11/13/2005,34.3,31.88,14.7,0,25.42,0
5432,11/14/2005,35,32.23,11.8,0,25.42,0
5433,11/15/2005,37.8,33.18,1.5,0,25.17,0
5434,11/16/2005,41.1,35.74,1,0,25.17,0
5435,11/17/2005,40.1,34.95,1,0,25.17,0
5436,11/18/2005,40.8,35.5,1,0,25.17,0
5437,11/19/2005,40.7,35.42,1,0,25.17,0
5438,11/20/2005,40.4,35.19,1,0,25.17,0
5439,11/21/2005,40.8,35.5,1,0,25.17,0
5440,11/22/2005,40,34.87,1,0,25.17,0
5441,11/23/2005,39.8,34.72,1,0,25.17,0
5442,11/24/2005,38.9,34,1,0,25.17,0
5443,11/25/2005,38.8,33.92,1,0,25.17,0
5444,11/26/2005,37.6,32.96,1,0,24.93,0
5445,11/27/2005,35.8,31.57,2,0,24.93,0
5446,11/28/2005,34.3,30.68,4.9,0,24.93,0
5447,11/29/2005,32,29.41,9.9,0,24.93,0
5448,11/30/2005,30.2,28.3,15.4,0,24.93,0
5449,12/1/2005,28.5,27.29,26.1,0,24.93,0
5450,12/2/2005,27.8,28,47.2,0,24.93,0
5451,12/3/2005,27.1,28.1,58.5,0,24.93,0
5452,12/4/2005,26.8,28.48,69.4,0,24.93,0
5453,12/5/2005,26.4,27.93,70.8,0,24.93,0
5454,12/6/2005,26.3,28.18,78.6,0,24.93,0
5455,12/7/2005,26.2,28,78.9,0,24.93,0
5456,12/8/2005,25.9,27.55,82.6,0,24.93,0
5457,12/9/2005,32,30.42,26.2,0,24.93,0
5458,12/10/2005,32.4,30.67,24.3,0,24.93,0
5459,12/11/2005,36,32.78,9.7,0,24.93,0
5460,12/12/2005,39.2,34.24,1,0,24.93,0
5461,12/13/2005,40.3,35.11,1,0,24.68,0
5462,12/14/2005,39.2,34.24,1,0,24.68,0
5463,12/15/2005,39.1,34.16,1,0,24.68,0
5464,12/16/2005,38.7,33.85,1,0,24.68,0
5465,12/17/2005,40.8,35.5,1,0,24.68,0
5466,12/18/2005,40.9,35.58,1,0,24.68,0
5467,12/19/2005,40.2,35.03,1,0,24.68,0
5468,12/20/2005,39,34.08,1,0,24.68,0
5469,12/21/2005,36.8,32.31,1,0,24.68,0
5470,12/22/2005,35.3,31.5,5.3,0,24.44,0
5471,12/23/2005,33.4,30.65,10.7,0,24.44,0
5472,12/24/2005,31.2,29.19,18.4,0,24.68,0
5473,12/25/2005,29.2,28.56,37.2,0,24.44,0
5474,12/26/2005,27.8,28.65,54.8,0,24.68,0
5475,12/27/2005,27.2,29.05,68.4,0,24.44,0
5476,12/28/2005,26.9,28.78,71.2,0,24.44,0
5477,12/29/2005,26.6,28.36,72.5,0,24.44,0
5478,12/30/2005,26.6,28.78,78.6,0,24.68,0
5479,12/31/2005,26.3,28.23,79.4,0,24.68,0
5480,1/1/2006,25.9,27.79,90.2,0,24.68,0
5481,1/2/2006,25.6,27.13,98.2,0,24.68,0
5482,1/3/2006,33.2,31.18,20.5,0,24.68,0
5483,1/4/2006,33.9,31.5,14.7,0,24.44,0
5484,1/5/2006,33.7,31.26,13.2,0,24.44,0
5485,1/6/2006,41,35.66,1,0,24.44,0
5486,1/7/2006,39,34.08,1,0,24.44,0
5487,1/8/2006,39.2,34.24,1,0,24.44,0
5488,1/9/2006,40.2,35.03,1,0,24.44,0
5489,1/10/2006,40.7,35.42,1,0,24.44,0
5490,1/11/2006,41,35.66,1,0,24.19,0
5491,1/12/2006,40.8,35.5,1,0,24.44,0
5492,1/13/2006,39.6,34.56,1,0,24.19,0
5493,1/14/2006,39.1,34.16,1,0,24.19,0
5494,1/15/2006,38.9,34,1,0,24.19,0
5495,1/16/2006,36.9,32.41,1.2,0,24.19,0
5496,1/17/2006,35.5,31.49,3.7,0,24.19,0
5497,1/18/2006,33.7,30.55,7.9,0,24.19,0
5498,1/19/2006,32.4,29.88,11.2,0,24.19,0
5499,1/20/2006,27.9,27.79,43.1,0,24.19,0
5500,1/21/2006,26.8,28.28,66.6,0,24.19,0
5501,1/22/2006,26.4,28.79,85.4,0,24.19,0
5502,1/23/2006,26.2,28.81,95,0,24.19,0
5503,1/24/2006,26.1,28.74,99.9,0,24.19,0
5504,1/25/2006,26.1,28.74,99.9,0,24.19,0
5505,1/26/2006,25.7,27.45,99.9,0,24.19,0
5506,1/27/2006,25.5,26.83,99.9,0,24.19,0
5507,1/28/2006,25.4,26.53,99.9,0,24.19,0
5508,1/29/2006,25.2,25.93,99.9,0,24.19,0
5509,1/30/2006,27.7,32.91,89.1,0,24.19,0
5510,1/31/2006,32.1,30.67,27.6,0,25.17,0
5511,2/1/2006,36.2,32.91,9.4,0,24.19,0
5512,2/2/2006,42,36.45,1,0,24.19,0
5513,2/3/2006,41.6,36.13,1,0,23.95,0
5514,2/4/2006,40.8,35.5,1,0,23.95,0
5515,2/5/2006,39.7,34.64,1,0,23.95,0
5516,2/6/2006,41.7,36.21,1,0,23.95,0
5517,2/7/2006,40.9,35.58,1,0,23.95,0
5518,2/8/2006,40,34.87,1,0,23.95,0
5519,2/9/2006,38.7,33.85,1,0,23.95,0
5520,2/10/2006,37.2,32.64,1,0,23.95,0
5521,2/11/2006,36.1,31.98,3.5,0,23.95,0
5522,2/12/2006,34.1,30.63,5.9,0,23.95,0
5523,2/13/2006,32.1,29.71,11.9,0,23.95,0
5524,2/14/2006,29.4,27.81,21.6,0,23.95,0
5525,2/15/2006,27.8,27.16,34.3,0,23.95,0
5526,2/16/2006,27,27.37,49.3,0,23.95,0
5527,2/17/2006,26.5,27.89,67.3,0,23.95,0
5528,2/18/2006,26,28.01,89.2,0,23.95,0
5529,2/19/2006,25.7,27.45,99.7,0,23.95,0
5530,2/20/2006,25.5,26.83,99.9,0,23.95,0
5531,2/21/2006,25.5,26.83,99.9,0,23.95,0
5532,2/22/2006,25.4,26.53,99.9,0,23.95,0
5533,2/23/2006,43.2,37.41,1,0,23.95,0
5534,2/24/2006,43.6,37.76,1,0,23.95,0
5535,2/25/2006,43.5,37.67,1,0,23.7,0
5536,2/26/2006,43.1,37.33,1,0,23.95,0
5537,2/27/2006,44.4,38.6,1,0,23.7,0
5538,2/28/2006,46.1,39.66,1,0,23.7,0
5539,3/1/2006,45,39.05,1,0,23.7,0
5540,3/2/2006,43.1,37.33,1,0,23.7,0
5541,3/3/2006,42.7,37,1,0,23.7,0
5542,3/4/2006,40.8,35.5,1,0,23.7,0
5543,3/5/2006,39.5,34.48,1,0,23.7,0
5544,3/6/2006,37.9,33.2,1,0,23.7,0
5545,3/7/2006,36.4,32.11,2.4,0,23.7,0
5546,3/8/2006,34,30.99,9.5,0,23.7,0
5547,3/9/2006,31.7,29.58,16.9,0,23.7,0
5548,3/10/2006,30.1,28.52,24.9,0,23.7,0
5549,3/11/2006,29,27.85,29.6,0,23.7,0
5550,3/12/2006,28.2,29.07,53.9,0,23.7,0
5551,3/13/2006,27.4,29.74,71.8,0,23.7,0
5552,3/14/2006,26.6,29.71,91.2,0,23.7,0
5553,3/15/2006,25.8,27.77,99.9,0,23.7,0
5554,3/16/2006,24.9,26.05,99.9,0,23.7,0
5555,3/17/2006,52.5,42.66,1,0,23.7,0
5556,3/18/2006,50.6,41.86,1,0,23.7,0
5557,3/19/2006,51.1,42.08,1,0,23.7,0
5558,3/20/2006,50.8,41.95,1,0,23.7,0
5559,3/21/2006,52.7,42.74,1,0,23.7,0
5560,3/22/2006,52.6,42.7,1,0,23.46,0
5561,3/23/2006,52.3,42.58,1,0,23.46,0
5562,3/24/2006,47.7,40.49,1,0,23.46,0
5563,3/25/2006,40.9,35.58,1,0,23.46,0
5564,3/26/2006,40,34.87,1,0,23.46,0
5565,3/27/2006,38.8,33.92,1,0,23.46,0
5566,3/28/2006,28.5,30.33,60.9,0,23.46,0
5567,3/29/2006,28,30.02,64.9,0,23.46,0
5568,3/30/2006,41.4,35.97,1,0,23.7,0
5569,3/31/2006,43.2,37.41,1,0,23.46,0
5570,4/1/2006,43.6,37.76,1,0,23.46,0
5571,4/2/2006,42.3,36.68,1,0,23.46,0
5572,4/3/2006,43.4,37.58,1,0,23.46,0
5573,4/4/2006,44.6,38.83,1,0,23.46,0
5574,4/5/2006,44.1,38.23,1,0,23.46,0
5575,4/6/2006,45.3,39.22,1,0,23.46,0
5576,4/7/2006,41.5,36.05,1,0,23.46,0
5577,4/8/2006,40.6,35.35,1,0,23.22,0
5578,4/9/2006,37.7,33.04,1,0,23.22,0
5579,4/10/2006,38.7,33.85,1,0,23.22,0
5580,4/11/2006,38,33.28,1,0,23.22,0
5581,4/12/2006,37.1,32.59,1.4,0,23.46,0
5582,4/13/2006,34.4,31.34,9.6,0,23.46,0
5583,4/14/2006,31.9,29.81,18.4,0,23.22,0
5584,4/15/2006,30.6,29.42,31.1,0,23.22,0
5585,4/16/2006,29.7,29.54,41.7,0,23.46,0
5586,4/17/2006,28.9,29.46,49.4,0,23.46,0
5587,4/18/2006,27.8,30.07,68.2,0,23.46,0
5588,4/19/2006,26.8,29.45,81.8,0,23.46,0
5589,4/20/2006,26.5,28.46,76.8,0,23.46,0
5590,4/21/2006,26.8,28.66,71.8,0,23.46,0
5591,4/22/2006,35.4,32.68,12.2,0,24.19,0
5592,4/23/2006,35.5,32.77,12.2,0,23.95,0
5593,4/24/2006,43.1,37.33,1,0,23.46,0
5594,4/25/2006,41.9,36.37,1,0,23.46,0
5595,4/26/2006,41.8,36.29,1,0,23.22,0
5596,4/27/2006,41.5,36.05,1,0,23.22,0
5597,4/28/2006,44.4,38.6,1,0,23.22,0
5598,4/29/2006,43.7,37.85,1,0,23.22,0
5599,4/30/2006,41.4,35.97,1,0,23.22,0
5600,5/1/2006,40.2,35.03,1,0,23.22,0
5601,5/2/2006,39.1,34.16,1,0,23.22,0
5602,5/3/2006,39.3,34.32,1,0,23.22,0
5603,5/4/2006,35.5,31.92,7.1,0,23.22,0
5604,5/5/2006,33.5,31.09,13.8,0,23.22,0
5605,5/6/2006,30.5,29.76,35.6,0,23.22,0
5606,5/7/2006,28.9,31.26,62.6,0,23.22,0
5607,5/8/2006,28.1,31.49,74.4,0,23.22,0
5608,5/9/2006,27.4,31.71,87.4,0,23.22,0
5609,5/10/2006,26.9,32.56,99.9,0,23.22,0
5610,5/11/2006,26.3,29.4,99.9,0,23.22,0
5611,5/12/2006,25.7,27.45,99.9,0,23.22,0
5612,5/13/2006,24.8,25.94,99.9,0,23.22,0
5613,5/14/2006,24.3,25.39,99.9,0,23.22,0
5614,5/15/2006,23.7,24.73,99.9,0,23.22,0
5615,5/16/2006,28.8,39.38,99.9,0,23.46,0
5616,5/17/2006,34.3,32.19,19.1,0,23.22,0
5617,5/18/2006,37.5,33.48,5.7,0,23.22,0
5618,5/19/2006,40.9,35.58,1,0,23.22,0
5619,5/20/2006,41.3,35.89,1,0,23.22,0
5620,5/21/2006,42.5,36.84,1,0,23.22,0
5621,5/22/2006,41.7,36.21,1,0,50.83,0
5622,5/23/2006,41.8,36.29,1,0,52.3,0
5623,5/24/2006,42.5,36.84,1,0,52.05,0
5624,5/25/2006,40.7,35.42,1,0,42.52,0
5625,5/26/2006,39.4,34.4,1,0,40.81,0
5626,5/27/2006,38.3,33.53,1,0,39.59,0
5627,5/28/2006,36.1,31.73,1,0,37.88,0
5628,5/29/2006,33.7,30.52,7.7,0,38.61,0
5629,5/30/2006,27.6,30.83,77.7,0,35.19,0
5630,5/31/2006,26.8,30.65,90.6,0,36.9,0
5631,6/1/2006,26.1,28.74,99.9,0,36.41,0
5632,6/2/2006,25.6,27.14,99.9,0,34.21,0
5633,6/3/2006,25.4,26.53,99.9,0,36.41,0
5634,6/4/2006,25.3,26.22,99.9,0,33.97,0
5635,6/5/2006,25.5,26.83,99.9,0,33.97,0
5636,6/6/2006,33.8,31.49,16.4,0,33.97,0
5637,6/7/2006,41.8,36.29,1,0,32.26,0
5638,6/8/2006,42,36.45,1,0,32.26,0
5639,6/9/2006,40,34.87,1,0,32.26,0
5640,6/10/2006,40.3,35.11,1,0,32.01,0
5641,6/11/2006,41.8,36.29,1,0,31.77,0
5642,6/12/2006,43,37.25,1,0,31.77,0
5643,6/13/2006,41.7,36.21,1,0,31.77,0
5644,6/14/2006,40.6,35.35,1,0,33.72,0
5645,6/15/2006,40.6,35.35,1,0,31.77,0
5646,6/16/2006,39.3,34.32,1,0,31.52,0
5647,6/17/2006,37.1,32.55,1,0,31.52,0
5648,6/18/2006,34.6,30.76,3.6,0,31.52,0
5649,6/19/2006,33.1,30.06,7.8,0,31.52,0
5650,6/20/2006,30.8,28.83,17.4,0,31.77,0
5651,6/21/2006,27.8,30.35,70.5,0,31.77,0
5652,6/22/2006,27.3,32.37,92.3,0,31.77,0
5653,6/23/2006,26.8,32.24,99.9,0,32.01,0
5654,6/24/2006,26.4,29.74,99.9,0,32.01,0
5655,6/25/2006,26.3,29.4,99.9,0,32.01,0
5656,6/26/2006,26.2,29.07,99.9,0,32.01,0
5657,6/27/2006,25.5,26.83,99.9,0,32.01,0
5658,6/28/2006,25.4,26.53,99.9,0,32.01,0
5659,6/29/2006,36,32.8,9.8,0,31.77,0
5660,6/30/2006,36.1,32.94,10.1,0,31.77,0
5661,7/1/2006,36.2,32.93,9.5,0,32.26,0
5662,7/2/2006,41.5,36.05,1,0,31.28,0
5663,7/3/2006,41.9,36.37,1,0,31.28,0
5664,7/4/2006,42.6,36.92,1,0,31.04,0
5665,7/5/2006,42.8,37.09,1,0,31.04,0
5666,7/6/2006,42.5,36.84,1,0,31.04,0
5667,7/7/2006,42.7,37,1,0,31.04,0
5668,7/8/2006,41.2,35.82,1,0,30.79,0
5669,7/9/2006,39.5,34.48,1,0,30.79,0
5670,7/10/2006,38.3,33.53,1,0,30.79,0
5671,7/11/2006,36.7,32.23,1,0,30.79,0
5672,7/12/2006,34.2,30.7,5.8,0,30.79,0
5673,7/13/2006,29.6,28.15,25.9,0,30.79,0
5674,7/14/2006,28.3,28.29,44.5,0,30.79,0
5675,7/15/2006,27.7,29.26,62.4,0,31.04,0
5676,7/16/2006,27.2,31.95,91.6,0,31.04,0
5677,7/17/2006,26.4,29.74,99.9,0,31.04,0
5678,7/18/2006,26.2,29.07,99.9,0,31.04,0
5679,7/19/2006,25.8,27.77,99.9,0,31.28,0
5680,7/20/2006,25.4,26.53,99.9,0,33.48,0
5681,7/21/2006,29.3,41.38,99.9,0,33.48,0
5682,7/22/2006,41.6,36.13,1,0,30.79,0
5683,7/23/2006,42.6,36.92,1,0,30.79,0
5684,7/24/2006,42.7,37,1,0,30.55,0
5685,7/25/2006,42.8,37.09,1,0,30.55,0
5686,7/26/2006,43.1,37.33,1,0,30.55,0
5687,7/27/2006,44.8,38.94,1,0,30.3,0
5688,7/28/2006,43.7,37.85,1,0,30.06,0
5689,7/29/2006,42.3,36.68,1,0,30.3,0
5690,7/30/2006,41.5,36.05,1,0,30.06,0
5691,7/31/2006,37.9,33.2,1,0,30.06,0
5692,8/1/2006,35.3,31.44,4.8,0,32.01,0
5693,8/2/2006,33,30.5,12.1,0,30.06,0
5694,8/3/2006,30.2,28.77,27.6,0,30.06,0
5695,8/4/2006,28.5,31.49,68.9,0,30.06,0
5696,8/5/2006,27.6,33.22,92,0,30.06,0
5697,8/6/2006,27.1,33.22,99.9,0,30.06,0
5698,8/7/2006,26.9,32.56,99.9,0,30.3,0
5699,8/8/2006,26.6,30.42,99.9,0,30.3,0
5700,8/9/2006,26.4,29.74,99.9,0,30.3,0
5701,8/10/2006,26.1,28.74,99.9,0,30.3,0
5702,8/11/2006,25.5,26.83,99.9,0,30.55,0
5703,8/12/2006,29.6,41.68,97.2,0,30.3,0
5704,8/13/2006,36.9,33.77,10.5,0,30.55,0
5705,8/14/2006,39.1,34.53,3.6,0,30.06,0
5706,8/15/2006,42.5,36.84,1,0,30.06,0
5707,8/16/2006,42.4,36.76,1,0,29.81,0
5708,8/17/2006,42.6,36.92,1,0,29.81,0
5709,8/18/2006,42.8,37.09,1,0,29.81,0
5710,8/19/2006,44.6,38.83,1,0,29.57,0
5711,8/20/2006,43,37.25,1,0,29.33,0
5712,8/21/2006,42.4,36.76,1,0,29.33,0
5713,8/22/2006,41.6,36.13,1,0,29.33,0
5714,8/23/2006,41.3,35.89,1,0,29.08,0
5715,8/24/2006,39.3,34.32,1,0,31.04,0
5716,8/25/2006,38.2,33.45,1,0,29.08,0
5717,8/26/2006,35.5,31.51,3.9,0,31.04,0
5718,8/27/2006,34.3,30.81,6.1,0,31.04,0
5719,8/28/2006,31.3,29.29,18.7,0,29.08,0
5720,8/29/2006,29.2,28.58,37.4,0,29.08,0
5721,8/30/2006,26.8,32.24,99.9,0,29.33,0
5722,8/31/2006,25.4,26.53,99.9,0,29.33,0
5723,9/1/2006,25.2,25.93,99.9,0,29.33,0
5724,9/2/2006,26,28.41,99.9,0,29.57,0
5725,9/3/2006,36.3,32.44,5.8,0,29.33,0
5726,9/4/2006,36.8,33.01,6.7,0,29.33,0
5727,9/5/2006,36.8,32.81,5.3,0,29.33,0
5728,9/6/2006,40.7,35.42,1,0,29.33,0
5729,9/7/2006,46.5,39.87,1,0,29.08,0
5730,9/8/2006,44.8,38.94,1,0,29.08,0
5731,9/9/2006,46.4,39.81,1,0,28.84,0
5732,9/10/2006,46.2,39.71,1,0,28.84,0
5733,9/11/2006,46.7,39.97,1,0,28.84,0
5734,9/12/2006,47.7,40.49,1,0,28.84,0
5735,9/13/2006,47.3,40.28,1,0,28.59,0
5736,9/14/2006,45.5,39.33,1,0,28.59,0
5737,9/15/2006,43.7,37.85,1,0,28.59,0
5738,9/16/2006,45.4,39.28,1,0,28.59,0
5739,9/17/2006,43,37.25,1,0,30.55,0
5740,9/18/2006,40.8,35.5,1,0,28.35,0
5741,9/19/2006,38.6,33.77,1,0,28.35,0
5742,9/20/2006,36.5,32.06,1,0,28.35,0
5743,9/21/2006,32.2,29,3.3,0,28.1,0
5744,9/22/2006,30,27.96,11.2,0,28.35,0
5745,9/23/2006,28.4,26.97,17.6,0,28.35,0
5746,9/24/2006,26.6,29.31,85.9,0,28.35,0
5747,9/25/2006,26.2,29.07,99.9,0,28.35,0
5748,9/26/2006,25.7,27.45,99.9,0,28.35,0
5749,9/27/2006,25.2,25.93,99.9,0,28.35,0
5750,9/28/2006,24.7,25.83,99.9,0,28.35,0
5751,9/29/2006,23.6,24.62,99.9,0,28.59,0
5752,9/30/2006,22.7,23.63,99.9,0,28.35,0
5753,10/1/2006,22.6,23.52,99.9,0,28.59,0
5754,10/2/2006,38,33.76,4.7,0,28.59,0
5755,10/3/2006,46,39.6,1,0,28.35,0
5756,10/4/2006,45.5,39.33,1,0,28.1,0
5757,10/5/2006,45.6,39.39,1,0,28.1,0
5758,10/6/2006,46.4,39.81,1,0,27.86,0
5759,10/7/2006,46,39.6,1,0,27.86,0
5760,10/8/2006,44.5,38.77,1,0,27.61,0
5761,10/9/2006,44.6,38.83,1,0,27.61,0
5762,10/10/2006,40.6,35.35,1,0,27.61,0
5763,10/11/2006,38.2,33.45,1,0,29.57,0
5764,10/12/2006,35.4,31.15,1,0,27.37,0
5765,10/13/2006,32,29.45,10.3,0,27.37,0
5766,10/14/2006,28.4,29.87,58.5,0,27.37,0
5767,10/15/2006,26.6,30.42,99.9,0,27.37,0
5768,10/16/2006,26.1,28.74,99.9,0,27.61,0
5769,10/17/2006,25.5,26.83,99.9,0,27.37,0
5770,10/18/2006,25.2,25.93,99.9,0,27.61,0
5771,10/19/2006,24.5,25.61,99.9,0,27.61,0
5772,10/20/2006,24.3,25.39,99.9,0,27.61,0
5773,10/21/2006,23.8,24.84,99.9,0,27.61,0
5774,10/22/2006,23.6,24.62,99.9,0,27.61,0
5775,10/23/2006,22.9,23.85,99.9,0,27.61,0
5776,10/24/2006,22.3,23.19,99.9,0,29.81,0
5777,10/25/2006,28.7,38.99,99.9,0,27.86,0
5778,10/26/2006,37.4,33.5,6.4,0,27.61,0
5779,10/27/2006,41.4,35.97,1,0,27.37,0
5780,10/28/2006,44.3,38.45,1,0,27.13,0
5781,10/29/2006,42.9,37.17,1,0,27.13,0
5782,10/30/2006,44.2,38.33,1,0,27.13,0
5783,10/31/2006,42.8,37.09,1,0,26.88,0
5784,11/1/2006,43.2,37.41,1,0,26.88,0
5785,11/2/2006,41.9,36.37,1,0,26.88,0
5786,11/3/2006,42.4,36.76,1,0,26.88,0
5787,11/4/2006,41.8,36.29,1,0,26.64,0
5788,11/5/2006,40.2,35.03,1,0,26.64,0
5789,11/6/2006,38.3,33.53,1,0,26.64,0
5790,11/7/2006,36.3,31.9,1,0,26.64,0
5791,11/8/2006,32.4,29.45,7.1,0,26.64,0
5792,11/9/2006,30.4,28.47,16.3,0,26.39,0
5793,11/10/2006,27.8,34.16,93.5,0,26.64,0
5794,11/11/2006,27.1,33.22,99.9,0,26.64,0
5795,11/12/2006,26,28.41,99.9,0,26.64,0
5796,11/13/2006,25.5,26.83,99.9,0,26.64,0
5797,11/14/2006,25.8,27.77,99.9,0,26.64,0
5798,11/15/2006,26.2,29.07,99.9,0,26.64,0
5799,11/16/2006,25.8,27.77,99.9,0,26.64,0
5800,11/17/2006,25.1,25.63,99.9,0,26.64,0
5801,11/18/2006,24.7,25.83,99.9,0,26.64,0
5802,11/19/2006,27.7,35.28,99.9,0,26.88,0
5803,11/20/2006,36.5,33.24,9.7,0,26.88,0
5804,11/21/2006,35.9,32.62,9.3,0,26.88,0
5805,11/22/2006,39.5,34.48,1,0,26.64,0
5806,11/23/2006,46.8,40.02,1,0,26.39,0
5807,11/24/2006,46.2,39.71,1,0,26.39,0
5808,11/25/2006,45.6,39.39,1,0,26.39,0
5809,11/26/2006,45.7,39.44,1,0,26.39,0
5810,11/27/2006,47.1,40.18,1,0,26.39,0
5811,11/28/2006,47.9,40.59,1,0,26.15,0
5812,11/29/2006,46.4,39.81,1,0,26.15,0
5813,11/30/2006,43.9,38.03,1,0,26.15,0
5814,12/1/2006,43,37.25,1,0,26.15,0
5815,12/2/2006,43.5,37.67,1,0,26.64,0
5816,12/3/2006,40.8,35.5,1,0,25.9,0
5817,12/4/2006,37.1,32.55,1,0,27.86,0
5818,12/5/2006,34.6,30.96,5.4,0,25.9,0
5819,12/6/2006,30,31.02,49.8,0,25.9,0
5820,12/7/2006,27.8,35.63,99.9,0,25.9,0
5821,12/8/2006,27.1,33.22,99.9,0,25.9,0
5822,12/9/2006,26,28.41,99.9,0,25.9,0
5823,12/10/2006,25.5,26.83,99.9,0,25.9,0
5824,12/11/2006,24.9,26.05,99.9,0,25.9,0
5825,12/12/2006,44.2,38.33,1,0,25.66,0
5826,12/13/2006,45.2,39.17,1,0,25.66,0
5827,12/14/2006,45.1,39.11,1,0,25.42,0
5828,12/15/2006,41.8,36.29,1,0,25.42,0
5829,12/16/2006,43.3,37.5,1,0,25.42,0
5830,12/17/2006,39.5,34.48,1,0,25.17,0
5831,12/18/2006,37.2,32.64,1,0,25.17,0
5832,12/19/2006,35.1,31.18,4,0,25.17,0
5833,12/20/2006,30.7,28.76,18,0,25.17,0
5834,12/21/2006,27,32.89,99.9,0,25.17,0
5835,12/22/2006,25.9,28.09,99.9,0,25.17,0
5836,12/23/2006,23.8,24.84,99.9,0,25.17,0
5837,12/24/2006,22.8,23.74,99.9,0,25.17,0
5838,12/25/2006,26.9,32.56,99.9,0,25.9,0
5839,12/26/2006,37.7,33.04,1,0,25.17,0
5840,12/27/2006,46.8,40.02,1,0,25.17,0
5841,12/28/2006,47.2,40.23,1,0,24.93,0
5842,12/29/2006,47.7,40.49,1,0,25.17,0
5843,12/30/2006,48.3,40.78,1,0,24.93,0
5844,12/31/2006,45.8,39.49,1,0,24.93,0
5845,1/1/2007,47.4,40.33,1,0,24.93,0
5846,1/2/2007,46.3,39.76,1,0,24.93,0
5847,1/3/2007,44.9,39,1,0,24.93,0
5848,1/4/2007,45.7,39.44,1,0,24.68,0
5849,1/5/2007,41.2,35.82,1,0,24.68,0
5850,1/6/2007,38.6,33.77,1,0,24.68,0
5851,1/7/2007,36.1,31.73,1,0,24.68,0
5852,1/8/2007,33.7,29.92,1,0,24.68,0
5853,1/9/2007,24.3,25.39,99.9,0,24.68,0
5854,1/10/2007,21.6,22.42,99.9,0,24.68,0
5855,1/11/2007,41.6,36.13,1,0,24.68,0
5856,1/12/2007,50.3,41.72,1,0,24.44,0
5857,1/13/2007,49.3,41.26,1,0,24.44,0
5858,1/14/2007,48.3,40.78,1,0,24.44,0
5859,1/15/2007,49.6,41.4,1,0,24.19,0
5860,1/16/2007,47.6,40.43,1,0,24.19,0
5861,1/17/2007,46.4,39.81,1,0,24.44,0
5862,1/18/2007,48.1,40.68,1,0,24.19,0
5863,1/19/2007,46,39.6,1,0,24.19,0
5864,1/20/2007,46.3,39.76,1,0,24.19,0
5865,1/21/2007,43.5,37.67,1,0,24.19,0
5866,1/22/2007,41.4,35.97,1,0,24.19,0
5867,1/23/2007,39,34.08,1,0,24.19,0
5868,1/24/2007,36,31.65,1,0,24.19,0
5869,1/25/2007,33.4,29.72,1,0,24.19,0
5870,1/26/2007,30.8,27.87,1,0,24.19,0
5871,1/27/2007,27.9,25.75,1,0,23.95,0
5872,1/28/2007,25.8,24.46,1,0,23.95,0
5873,1/29/2007,23.5,22.11,7.8,0,24.19,0
5874,1/30/2007,49.8,41.5,1,0,23.7,0
5875,1/31/2007,48.6,40.93,1,0,23.7,0
5876,2/1/2007,48.3,40.78,1,0,23.7,0
5877,2/2/2007,49.5,41.36,1,0,23.7,0
5878,2/3/2007,47.6,40.43,1,0,23.7,0
5879,2/4/2007,47.4,40.33,1,0,23.7,0
5880,2/5/2007,47.2,40.23,1,0,23.7,0
5881,2/6/2007,47.1,40.18,1,0,23.7,0
5882,2/7/2007,46.6,39.92,1,0,23.7,0
5883,2/8/2007,44.4,38.6,1,0,23.7,0
5884,2/9/2007,42.3,36.68,1,0,25.66,0
5885,2/10/2007,35.5,31.23,1,0,23.46,0
5886,2/11/2007,33.1,29.51,1,0,23.46,0
5887,2/12/2007,28,26.17,6.8,0,23.46,0
5888,2/13/2007,26.4,25.46,13.8,0,23.46,0
5889,2/14/2007,21.9,22.75,99.9,0,23.95,0
5890,2/15/2007,38.5,33.69,1,0,23.46,0
5891,2/16/2007,43.6,37.76,1,0,23.46,0
5892,2/17/2007,44.2,38.33,1,0,23.22,0
5893,2/18/2007,43.2,37.41,1,0,23.22,0
5894,2/19/2007,42.2,36.6,1,0,23.22,0
5895,2/20/2007,40.9,35.58,1,0,23.22,0
5896,2/21/2007,38.7,33.85,1,0,23.22,0
5897,2/22/2007,31.6,28.76,6.1,0,23.22,0
5898,2/23/2007,30.2,27.97,9.5,0,23.22,0
5899,2/24/2007,29.4,27.59,12.2,0,23.22,0
5900,2/25/2007,26.6,30.42,99.9,0,23.22,0
5901,2/26/2007,26,28.41,99.9,0,23.22,0
5902,2/27/2007,25.4,26.53,99.9,0,23.22,0
5903,2/28/2007,47.2,40.23,1,0,23.22,0
5904,3/1/2007,46.8,40.02,1,0,23.22,0
5905,3/2/2007,45.8,39.49,1,0,22.97,0
5906,3/3/2007,46.8,40.02,1,0,22.97,0
5907,3/4/2007,45.8,39.49,1,0,22.97,0
5908,3/5/2007,45.1,39.11,1,0,22.97,0
5909,3/6/2007,44.9,39,1,0,22.97,0
5910,3/7/2007,43.2,37.41,1,0,22.97,0
5911,3/8/2007,44.9,39,1,0,22.97,0
5912,3/9/2007,37.7,33.04,1,0,22.73,0
5913,3/10/2007,27.5,25.46,1,0,22.97,0
5914,3/11/2007,39,34.08,1,0,22.97,0
5915,3/12/2007,41.3,35.89,1,0,22.73,0
5916,3/13/2007,42.7,37,1,0,22.73,0
5917,3/14/2007,43.6,37.76,1,0,22.73,0
5918,3/15/2007,41.4,35.97,1,0,22.73,0
5919,3/16/2007,41.8,36.29,1,0,22.73,0
5920,3/17/2007,43.4,37.58,1,0,22.73,0
5921,3/18/2007,43.8,37.94,1,0,22.73,0
5922,3/19/2007,41.9,36.37,1,0,22.73,0
5923,3/20/2007,42.7,37,1,0,22.73,0
5924,3/21/2007,41.5,36.05,1,0,22.73,0
5925,3/22/2007,40,34.87,1,0,22.48,0
5926,3/23/2007,39.1,34.16,1,0,22.48,0
5927,3/24/2007,37.1,32.55,1,0,22.48,0
5928,3/25/2007,35.1,30.89,1,0,22.48,0
5929,3/26/2007,33.7,29.92,1,0,22.48,0
5930,3/27/2007,32.1,28.8,1,0,22.48,0
5931,3/28/2007,30,27.28,1,0,22.48,0
5932,3/29/2007,28.8,26.4,1,0,22.48,0
5933,3/30/2007,27.1,25.89,1,0,22.48,0
5934,3/31/2007,26,24.74,3.2,0,22.73,0
5935,4/1/2007,24,22.76,11.6,0,22.48,0
5936,4/2/2007,38.8,33.92,1,0,22.48,0
5937,4/3/2007,42.4,36.76,1,0,22.48,0
5938,4/4/2007,45.9,39.55,1,0,22.48,0
5939,4/5/2007,44.1,38.23,1,0,22.48,0
5940,4/6/2007,43.9,38.03,1,0,22.48,0
5941,4/7/2007,44.6,38.83,1,0,22.48,0
5942,4/8/2007,42.7,37,1,0,22.48,0
5943,4/9/2007,42.4,36.76,1,0,22.24,0
5944,4/10/2007,41,35.66,1,0,22.24,0
5945,4/11/2007,41.9,36.37,1,0,22.24,0
5946,4/12/2007,41.7,36.21,1,0,22.24,0
5947,4/13/2007,42.1,36.52,1,0,22.24,0
5948,4/14/2007,38,33.28,1,0,22.24,0
5949,4/15/2007,36.6,32.14,1,0,22.24,0
5950,4/16/2007,34,30.13,1,0,22.24,0
5951,4/17/2007,32.5,29.09,1,0,22.24,0
5952,4/18/2007,31,28.05,1.8,0,22.24,0
5953,4/19/2007,30,27.49,4.8,0,22.24,0
5954,4/20/2007,29.1,27.08,8.6,0,22.24,0
5955,4/21/2007,27.6,26.35,13.9,0,22.24,0
5956,4/22/2007,26.5,25.71,19.5,0,22.24,0
5957,4/23/2007,25.9,25.36,31.2,0,22.24,0
5958,4/24/2007,25.2,25.13,52,0,22.24,0
5959,4/25/2007,46.1,39.66,1,0,22.24,0
5960,4/26/2007,47.4,40.33,1,0,22.24,0
5961,4/27/2007,46.8,40.02,1,0,21.99,0
5962,4/28/2007,44.9,39,1,0,22.24,0
5963,4/29/2007,45.3,39.22,1,0,21.99,0
5964,4/30/2007,45.6,39.39,1,0,21.99,0
5965,5/1/2007,44,38.13,1,0,21.99,0
5966,5/2/2007,43.3,37.5,1,0,21.99,0
5967,5/3/2007,41.1,35.74,1,0,21.99,0
5968,5/4/2007,44,38.13,1,0,21.99,0
5969,5/5/2007,41.1,35.74,1,0,21.99,0
5970,5/6/2007,39.5,34.48,1,0,21.99,0
5971,5/7/2007,36.9,32.39,1,0,21.99,0
5972,5/8/2007,34.6,30.54,1,0,21.99,0
5973,5/9/2007,31.6,28.44,1,0,21.99,0
5974,5/10/2007,30.8,27.87,1,0,21.99,0
5975,5/11/2007,28.9,26.48,1,0,21.99,0
5976,5/12/2007,27,25.78,1,0,21.99,0
5977,5/13/2007,25.6,24.24,1,0,21.99,0
5978,5/14/2007,24.7,23.27,1.8,0,21.99,0
5979,5/15/2007,23.9,22.47,4.6,0,21.99,0
5980,5/16/2007,23.3,21.78,3.6,0,21.99,0
5981,5/17/2007,36.2,31.81,1,0,23.22,0
5982,5/18/2007,46.1,39.66,1,0,21.75,0
5983,5/19/2007,44.8,38.94,1,0,21.75,0
5984,5/20/2007,44.1,38.23,1,0,21.75,0
5985,5/21/2007,42.7,37,1,0,21.75,0
5986,5/22/2007,44.1,38.23,1,0,21.75,0
5987,5/23/2007,44.3,38.45,1,0,21.75,0
5988,5/24/2007,45,39.05,1,0,21.75,0
5989,5/25/2007,43.8,37.94,1,0,21.75,0
5990,5/26/2007,42.9,37.17,1,0,21.75,0
5991,5/27/2007,39.7,34.64,1,0,21.75,0
5992,5/28/2007,32.5,29.09,1,0,21.75,0
5993,5/29/2007,29.2,26.7,1,0,21.75,0
5994,5/30/2007,25.1,23.69,1,0,21.75,0
5995,5/31/2007,24.1,22.59,1,0,21.75,0
5996,6/1/2007,36.5,32.06,1,0,21.75,0
5997,6/2/2007,45.3,39.22,1,0,21.75,0
5998,6/3/2007,45.8,39.49,1,0,21.75,0
5999,6/4/2007,45.4,39.28,1,0,21.75,0
6000,6/5/2007,45.5,39.33,1,0,21.51,0
6001,6/6/2007,44.4,38.6,1,0,21.51,0
6002,6/7/2007,45.6,39.39,1,0,21.51,0
6003,6/8/2007,44.6,38.83,1,0,21.51,0
6004,6/9/2007,39.3,34.32,1,0,21.51,0
6005,6/10/2007,36.3,31.9,1,0,21.51,0
6006,6/11/2007,31.5,28.37,1,0,21.51,0
6007,6/12/2007,29.9,27.21,1,0,21.51,0
6008,6/13/2007,28.4,26.22,3,0,21.51,0
6009,6/14/2007,25.8,27.33,81.7,0,21.51,0
6010,6/15/2007,24.9,26.05,99.9,0,21.51,0
6011,6/16/2007,25.2,25.93,99.9,0,21.51,0
6012,6/17/2007,48.3,40.78,1,0,21.51,0
6013,6/18/2007,50.4,41.77,1,0,21.51,0
6014,6/19/2007,47.6,40.43,1,0,21.51,0
6015,6/20/2007,47.9,40.59,1,0,21.51,0
6016,6/21/2007,48.5,40.88,1,0,21.51,0
6017,6/22/2007,47.9,40.59,1,0,21.51,0
6018,6/23/2007,48.1,40.68,1,0,21.51,0
6019,6/24/2007,47.1,40.18,1,0,21.51,0
6020,6/25/2007,42.8,37.09,1,0,21.51,0
6021,6/26/2007,33.5,29.79,1,0,21.51,0
6022,6/27/2007,32.6,29.16,1,0,21.51,0
6023,6/28/2007,30.3,27.5,1,0,21.51,0
6024,6/29/2007,27.8,27.53,40.6,0,21.51,0
6025,6/30/2007,27.2,28.53,62.4,0,21.51,0
6026,7/1/2007,25.5,26.8,87.8,0,21.51,0
6027,7/2/2007,24.9,26.05,99.9,0,21.51,0
6028,7/3/2007,24.7,25.83,99.9,0,21.51,0
6029,7/4/2007,40.2,35.03,1,0,21.51,0
6030,7/5/2007,43.7,37.85,1,0,21.51,0
6031,7/6/2007,46,39.6,1,0,21.51,0
6032,7/7/2007,44.6,38.83,1,0,21.51,0
6033,7/8/2007,46.9,40.08,1,0,21.51,0
6034,7/9/2007,47.6,40.43,1,0,21.51,0
6035,7/10/2007,47,40.13,1,0,21.51,0
6036,7/11/2007,47.4,40.33,1,0,21.51,0
6037,7/12/2007,46.3,39.76,1,0,21.51,0
6038,7/13/2007,39.2,34.24,1,0,21.26,0
6039,7/14/2007,36.3,31.9,1,0,21.26,0
6040,7/15/2007,34.3,30.33,1,0,21.26,0
6041,7/16/2007,32.5,29.09,1,0,21.26,0
6042,7/17/2007,30.9,27.94,1,0,21.26,0
6043,7/18/2007,28.8,26.52,3.2,0,21.51,0
6044,7/19/2007,26.8,25.83,11.1,0,21.51,0
6045,7/20/2007,25.3,24.56,25.7,0,21.26,0
6046,7/21/2007,47.3,40.28,1,0,21.26,0
6047,7/22/2007,46.4,39.81,1,0,21.51,0
6048,7/23/2007,47.9,40.59,1,0,21.26,0
6049,7/24/2007,47.1,40.18,1,0,21.26,0
6050,7/25/2007,46.1,39.66,1,0,21.26,0
6051,7/26/2007,46.8,40.02,1,0,21.26,0
6052,7/27/2007,44.7,38.89,1,0,21.26,0
6053,7/28/2007,41.2,35.82,1,0,21.26,0
6054,7/29/2007,38.5,33.69,1,0,21.26,0
6055,7/30/2007,37.7,33.04,1,0,21.26,0
6056,7/31/2007,35.1,30.89,1,0,21.26,0
6057,8/1/2007,33.2,29.7,2.9,0,21.26,0
6058,8/2/2007,31.2,28.83,10.5,0,21.26,0
6059,8/3/2007,29.6,28,22.4,0,21.26,0
6060,8/4/2007,28.8,28.12,36.4,0,21.26,0
6061,8/5/2007,27.9,28.76,54.6,0,21.26,0
6062,8/6/2007,26.7,30.42,90.9,0,21.26,0
6063,8/7/2007,25.6,27.14,99.9,0,21.26,0
6064,8/8/2007,24.7,25.83,99.9,0,21.26,0
6065,8/9/2007,23.8,24.84,99.9,0,21.26,0
6066,8/10/2007,40.9,35.58,1,0,21.51,0
6067,8/11/2007,46.4,39.81,1,0,21.26,0
6068,8/12/2007,47.7,40.49,1,0,21.26,0
6069,8/13/2007,52.1,42.5,1,0,21.26,0
6070,8/14/2007,48.7,40.98,1,0,21.26,0
6071,8/15/2007,48.3,40.78,1,0,21.26,0
6072,8/16/2007,47,40.13,1,0,44.97,0
6073,8/17/2007,47.6,40.43,1,0,47.65,0
6074,8/18/2007,47,40.13,1,0,49.36,0
6075,8/19/2007,44.8,38.94,1,0,47.17,0
6076,8/20/2007,44.2,38.33,1,0,43.5,0
6077,8/21/2007,38.6,33.77,1,0,37.15,0
6078,8/22/2007,35.6,31.31,1,0,36.41,0
6079,8/23/2007,34.6,30.54,1,0,35.68,0
6080,8/24/2007,33.4,29.72,1,0,35.19,0
6081,8/25/2007,27.2,26,1,0,36.17,0
6082,8/26/2007,25.8,24.51,2.9,0,34.21,0
6083,8/27/2007,24.1,22.86,11.1,0,33.97,0
6084,8/28/2007,23.2,21.9,12.6,0,33.72,0
6085,8/29/2007,23.2,21.92,13.1,0,33.72,0
6086,8/30/2007,22.3,20.9,11.9,0,33.48,0
6087,8/31/2007,21.4,20.08,18.4,0,33.24,0
6088,9/1/2007,29.8,27.14,1,0,32.01,0
6089,9/2/2007,42.3,36.68,1,0,32.01,0
6090,9/3/2007,48.2,40.73,1,0,31.77,0
6091,9/4/2007,45,39.05,1,0,31.77,0
6092,9/5/2007,49.3,41.26,1,0,31.77,0
6093,9/6/2007,47.2,40.23,1,0,31.52,0
6094,9/7/2007,47.1,40.18,1,0,31.52,0
6095,9/8/2007,46.6,39.92,1,0,31.28,0
6096,9/9/2007,46.3,39.76,1,0,31.28,0
6097,9/10/2007,46.2,39.71,1,0,31.28,0
6098,9/11/2007,45.9,39.55,1,0,31.28,0
6099,9/12/2007,45.3,39.22,1,0,31.28,0
6100,9/13/2007,44.9,39,1,0,31.28,0
6101,9/14/2007,44.7,38.89,1,0,31.04,0
6102,9/15/2007,44.7,38.89,1,0,31.04,0
6103,9/16/2007,41.2,35.82,1,0,31.04,0
6104,9/17/2007,37.7,33.04,1,0,31.04,0
6105,9/18/2007,35.5,31.23,1,0,30.79,0
6106,9/19/2007,33.4,29.72,1,0,31.04,0
6107,9/20/2007,30.5,27.65,1,0,31.04,0
6108,9/21/2007,28,25.82,1,0,31.04,0
6109,9/22/2007,26.5,25.23,1,0,31.04,0
6110,9/23/2007,29.3,26.77,1,0,31.28,0
6111,9/24/2007,28.3,26.04,1,0,31.28,0
6112,9/25/2007,26.4,25.12,1,0,31.28,0
6113,9/26/2007,24.6,23.14,1,0,31.28,0
6114,9/27/2007,23.3,21.71,1,0,31.28,0
6115,9/28/2007,22.4,20.76,2.5,0,31.28,0
6116,9/29/2007,21.6,19.97,5.8,0,31.28,0
6117,9/30/2007,26.5,25.23,1,0,31.04,0
6118,10/1/2007,40.6,35.35,1,0,30.79,0
6119,10/2/2007,46.1,39.66,1,0,30.55,0
6120,10/3/2007,43.8,37.94,1,0,30.55,0
6121,10/4/2007,43.1,37.33,1,0,30.3,0
6122,10/5/2007,42.2,36.6,1,0,30.3,0
6123,10/6/2007,40,34.87,1,0,30.06,0
6124,10/7/2007,40.9,35.58,1,0,30.06,0
6125,10/8/2007,40,34.87,1,0,29.81,0
6126,10/9/2007,44.1,38.23,1,0,29.81,0
6127,10/10/2007,42.6,36.92,1,0,29.81,0
6128,10/11/2007,43.9,38.03,1,0,29.81,0
6129,10/12/2007,43.4,37.58,1,0,29.57,0
6130,10/13/2007,40,34.87,1,0,29.57,0
6131,10/14/2007,39,34.08,1,0,29.57,0
6132,10/15/2007,37.2,32.64,1,0,29.33,0
6133,10/16/2007,35.2,30.98,1,0,29.33,0
6134,10/17/2007,33.5,29.79,1,0,29.33,0
6135,10/18/2007,31.8,28.59,1,0,29.33,0
6136,10/19/2007,30.2,27.43,1,0,29.57,0
6137,10/20/2007,27.8,25.67,1,0,29.57,0
6138,10/21/2007,25.6,24.44,8.5,0,29.57,0
6139,10/22/2007,24.2,23.14,17.7,0,29.57,0
6140,10/23/2007,22.7,22.69,63.9,0,29.57,0
6141,10/24/2007,21.9,22.13,76.1,0,29.57,0
6142,10/25/2007,21.7,22,79.6,0,29.81,0
6143,10/26/2007,21.4,21.82,85.3,0,29.81,0
6144,10/27/2007,20.8,21.36,92.9,0,29.81,0
6145,10/28/2007,20.6,21.32,99.9,0,29.81,0
6146,10/29/2007,25.6,24.34,4.8,0,29.57,0
6147,10/30/2007,38,33.28,1,0,30.3,0
6148,10/31/2007,40,34.87,1,0,29.81,0
6149,11/1/2007,44.9,39,1,0,29.33,0
6150,11/2/2007,41.9,36.37,1,0,29.08,0
6151,11/3/2007,42.6,36.92,1,0,29.08,0
6152,11/4/2007,43.4,37.58,1,0,29.08,0
6153,11/5/2007,42.7,37,1,0,28.84,0
6154,11/6/2007,41.1,35.74,1,0,28.84,0
6155,11/7/2007,45.3,39.22,1,0,28.59,0
6156,11/8/2007,42.1,36.52,1,0,28.59,0
6157,11/9/2007,44.6,38.83,1,0,28.59,0
6158,11/10/2007,42.5,36.84,1,0,28.35,0
6159,11/11/2007,43.4,37.58,1,0,28.35,0
6160,11/12/2007,43.3,37.5,1,0,28.35,0
6161,11/13/2007,43,37.25,1,0,28.35,0
6162,11/14/2007,39,34.08,1,0,28.1,0
6163,11/15/2007,35.3,31.06,1,0,28.1,0
6164,11/16/2007,33,29.44,1,0,28.1,0
6165,11/17/2007,31.4,28.3,1,0,28.1,0
6166,11/18/2007,29.9,27.21,1,0,28.1,0
6167,11/19/2007,28.4,26.11,1,0,28.1,0
6168,11/20/2007,26.5,25.31,3.9,0,28.35,0
6169,11/21/2007,25,24.16,23.1,0,28.35,0
6170,11/22/2007,23.5,22.89,37.7,0,28.35,0
6171,11/23/2007,22.7,21.91,33.7,0,28.35,0
6172,11/24/2007,21.7,21.12,45.7,0,28.35,0
6173,11/25/2007,21.1,20.43,44.7,0,28.35,0
6174,11/26/2007,20.7,20.29,56,0,28.35,0
6175,11/27/2007,20.7,20.58,67.2,0,28.35,0
6176,11/28/2007,28.7,26.33,1,0,28.35,0
6177,11/29/2007,39.3,34.32,1,0,28.1,0
6178,11/30/2007,43.9,38.03,1,0,28.1,0
6179,12/1/2007,41.3,35.89,1,0,27.86,0
6180,12/2/2007,44,38.13,1,0,27.61,0
6181,12/3/2007,44.3,38.45,1,0,27.61,0
6182,12/4/2007,44.5,38.77,1,0,27.37,0
6183,12/5/2007,44.2,38.33,1,0,27.37,0
6184,12/6/2007,46,39.6,1,0,27.13,0
6185,12/7/2007,46.1,39.66,1,0,27.13,0
6186,12/8/2007,45.3,39.22,1,0,27.13,0
6187,12/9/2007,45.2,39.17,1,0,27.13,0
6188,12/10/2007,37.1,32.55,1,0,26.64,0
6189,12/11/2007,34.6,30.54,1,0,26.64,0
6190,12/12/2007,32.4,29.01,1,0,26.88,0
6191,12/13/2007,30.4,27.58,1,0,26.88,0
6192,12/14/2007,29.1,26.62,1,0,26.88,0
6193,12/15/2007,28,25.82,1,0,26.88,0
6194,12/16/2007,27.1,26.06,7.3,0,26.88,0
6195,12/17/2007,25.9,25.18,24.4,0,26.88,0
6196,12/18/2007,23.9,24.29,74.6,0,26.88,0
6197,12/19/2007,22.5,23.26,94.1,0,26.88,0
6198,12/20/2007,21.9,22.75,99.9,0,26.88,0
6199,12/21/2007,21.3,22.09,99.9,0,26.88,0
6200,12/22/2007,43.7,37.85,1,0,26.88,0
6201,12/23/2007,40.9,35.58,1,0,26.64,0
6202,12/24/2007,41.6,36.13,1,0,26.64,0
6203,12/25/2007,42.2,36.6,1,0,26.39,0
6204,12/26/2007,41.7,36.21,1,0,26.39,0
6205,12/27/2007,39.8,34.72,1,0,26.39,0
6206,12/28/2007,42.2,36.6,1,0,26.15,0
6207,12/29/2007,40.7,35.42,1,0,25.9,0
6208,12/30/2007,32.4,29.01,1,0,25.42,0
6209,12/31/2007,30.6,27.9,4.3,0,25.42,0
6210,1/1/2008,27.9,26.65,19.1,0,25.66,0
6211,1/2/2008,26.9,27.07,45.4,0,25.66,0
6212,1/3/2008,26.1,28.5,94.7,0,25.66,0
6213,1/4/2008,25.6,27.14,99.9,0,25.66,0
6214,1/5/2008,24.9,26.05,99.9,0,25.66,0
6215,1/6/2008,23.8,24.84,99.9,0,25.66,0
6216,1/7/2008,23.7,24.73,99.9,0,25.66,0
6217,1/8/2008,23.6,24.62,99.9,0,25.9,0
6218,1/9/2008,23.3,24.29,99.9,0,25.66,0
6219,1/10/2008,23.2,24.18,99.9,0,25.9,0
6220,1/11/2008,25.7,27.45,99.9,0,25.9,0
6221,1/12/2008,36.4,33.59,12,0,25.9,0
6222,1/13/2008,37.7,33.83,6.8,0,25.9,0
6223,1/14/2008,39.7,34.64,1,0,25.66,0
6224,1/15/2008,39.5,34.48,1,0,25.66,0
6225,1/16/2008,43.6,37.76,1,0,43.5,0
6226,1/17/2008,45.3,39.22,1,0,41.79,0
6227,1/18/2008,43.2,37.41,1,0,40.81,0
6228,1/19/2008,44.7,38.89,1,0,40.32,0
6229,1/20/2008,44.2,38.33,1,0,39.83,0
6230,1/21/2008,42.1,36.52,1,0,39.1,0
6231,1/22/2008,37.9,33.2,1,0,38.61,0
6232,1/23/2008,35.1,31.07,2.9,0,38.37,0
6233,1/24/2008,31.4,29.37,18.4,0,37.88,0
6234,1/25/2008,29.9,29.42,38.6,0,37.88,0
6235,1/26/2008,28.6,30.62,61.8,0,37.88,0
6236,1/27/2008,27.4,32.67,92.3,0,37.63,0
6237,1/28/2008,26.8,32.24,99.9,0,37.63,0
6238,1/29/2008,26,28.41,99.9,0,37.63,0
6239,1/30/2008,25.3,26.22,99.9,0,37.39,0
6240,1/31/2008,24.7,25.83,99.9,0,37.15,0
6241,2/1/2008,23.8,24.84,99.9,0,37.15,0
6242,2/2/2008,22.9,23.85,99.9,0,37.15,0
6243,2/3/2008,22.4,23.3,99.9,0,37.15,0
6244,2/4/2008,21.8,22.64,99.9,0,36.9,0
6245,2/5/2008,35.6,31.31,1,0,35.68,0
6246,2/6/2008,37.1,32.55,1,0,35.68,0
6247,2/7/2008,37.3,32.72,1,0,35.68,0
6248,2/8/2008,37.8,33.12,1,0,35.68,0
6249,2/9/2008,35.9,31.56,1,0,35.92,0
6250,2/10/2008,39.1,34.16,1,0,35.43,0
6251,2/11/2008,41.3,35.89,1,0,35.43,0
6252,2/12/2008,44,38.13,1,0,35.19,0
6253,2/13/2008,48.6,40.93,1,0,34.95,0
6254,2/14/2008,47.7,40.49,1,0,34.95,0
6255,2/15/2008,47.3,40.28,1,0,34.95,0
6256,2/16/2008,46.6,39.92,1,0,34.95,0
6257,2/17/2008,43.3,37.5,1,0,34.95,0
6258,2/18/2008,37.8,33.12,1,0,34.7,0
6259,2/19/2008,33.8,29.99,1,0,34.7,0
6260,2/20/2008,32.4,29.01,1,0,34.7,0
6261,2/21/2008,29.7,27.06,1,0,34.7,0
6262,2/22/2008,28.4,26.11,1,0,34.7,0
6263,2/23/2008,27.4,25.39,1,0,34.7,0
6264,2/24/2008,26.4,25.12,1,0,34.7,0
6265,2/25/2008,24.6,23.14,1,0,34.7,0
6266,2/26/2008,23.4,21.82,1,0,34.95,0
6267,2/27/2008,22.6,20.94,1,0,34.7,0
6268,2/28/2008,22.5,20.83,1,0,34.7,0
6269,2/29/2008,22.3,20.61,1,0,34.7,0
6270,3/1/2008,22.3,20.61,1,0,34.7,0
6271,3/2/2008,23.3,21.71,1,0,34.21,0
6272,3/3/2008,38.4,95.23,99.9,0,34.7,0
6273,3/4/2008,38.7,97.51,99.9,0,34.21,0
6274,3/5/2008,42.8,131.72,99.9,0,33.97,0
6275,3/6/2008,46.6,168.63,99.9,0,33.72,0
6276,3/7/2008,41,115.99,99.9,0,33.72,0
6277,3/8/2008,43,133.54,99.9,0,33.48,0
6278,3/9/2008,46.4,166.56,99.9,0,33.24,0
6279,3/10/2008,43.7,140.01,99.9,0,33.24,0
6280,3/11/2008,47.3,175.97,99.9,0,33.24,0
6281,3/12/2008,42.7,130.82,99.9,0,32.99,0
6282,3/13/2008,44.8,150.52,99.9,0,32.99,0
6283,3/14/2008,44.8,150.52,99.9,0,32.99,0
6284,3/15/2008,41.4,119.39,99.9,0,32.75,0
6285,3/16/2008,36.8,83.62,99.9,0,32.75,0
6286,3/17/2008,34.4,67.87,99.9,0,32.75,0
6287,3/18/2008,32.7,57.91,99.9,0,32.75,0
6288,3/19/2008,28.7,38.99,99.9,0,32.75,0
6289,3/20/2008,26.8,25.56,1,0,32.75,0
6290,3/21/2008,24.9,23.47,1,0,32.75,0
6291,3/22/2008,23.5,21.93,1,0,32.75,0
6292,3/23/2008,22.4,20.72,1,0,32.75,0
6293,3/24/2008,21.7,19.95,1,0,32.75,0
6294,3/25/2008,21.9,20.17,1,0,32.75,0
6295,3/26/2008,21.6,19.84,1,0,32.75,0
6296,3/27/2008,22.1,20.39,1,0,32.5,0
6297,3/28/2008,32.8,58.47,99.9,0,32.5,0
6298,3/29/2008,37,85.03,99.9,0,32.5,0
6299,3/30/2008,44.5,147.62,99.9,0,32.26,0
6300,3/31/2008,44,142.84,99.9,0,32.26,0
6301,4/1/2008,50,205.88,99.9,0,32.01,0
6302,4/2/2008,46,162.47,99.9,0,32.01,0
6303,4/3/2008,46.5,167.59,99.9,0,31.77,0
6304,4/4/2008,49.1,195.63,99.9,0,31.77,0
6305,4/5/2008,48.2,185.66,99.9,0,31.52,0
6306,4/6/2008,47.4,177.03,99.9,0,31.28,0
6307,4/7/2008,45.8,160.44,99.9,0,31.28,0
6308,4/8/2008,43.6,139.08,99.9,0,31.28,0
6309,4/9/2008,44.1,143.79,99.9,0,31.04,0
6310,4/10/2008,41.6,121.11,99.9,0,31.04,0
6311,4/11/2008,38.8,98.27,99.9,0,31.04,0
6312,4/12/2008,35.4,74.19,99.9,0,30.79,0
6313,4/13/2008,24.3,25.39,99.9,0,30.79,0
6314,4/14/2008,22.9,23.85,99.9,0,30.79,0
6315,4/15/2008,21.7,22.53,99.9,0,31.04,0
6316,4/16/2008,20.9,21.65,99.9,0,31.04,0
6317,4/17/2008,26,28.41,99.9,0,30.55,0
6318,4/18/2008,46.4,166.56,99.9,0,30.3,0
6319,4/19/2008,50.9,216.41,99.9,0,30.3,0
6320,4/20/2008,49.2,196.75,99.9,0,30.06,0
6321,4/21/2008,51.4,222.38,99.9,0,29.81,0
6322,4/22/2008,52.4,234.58,99.9,0,29.81,0
6323,4/23/2008,48.1,184.57,99.9,0,29.81,0
6324,4/24/2008,50.3,209.36,99.9,0,29.57,0
6325,4/25/2008,51,217.59,99.9,0,29.57,0
6326,4/26/2008,47.1,173.85,99.9,0,29.33,0
6327,4/27/2008,45.7,159.44,99.9,0,29.33,0
6328,4/28/2008,37.2,86.44,99.9,0,49.36,0
6329,4/29/2008,31.4,50.98,99.9,0,38.86,0
6330,4/30/2008,29,40.17,99.9,0,37.63,0
6331,5/1/2008,24,25.06,99.9,0,36.17,0
6332,5/2/2008,23.1,24.07,99.9,0,35.68,0
6333,5/3/2008,22.2,23.08,99.9,0,35.19,0
6334,5/4/2008,43.9,141.89,99.9,0,32.26,0
6335,5/5/2008,44.1,143.79,99.9,0,31.28,0
6336,5/6/2008,41.8,122.84,99.9,0,31.28,0
6337,5/7/2008,36.5,81.54,99.9,0,31.28,0
6338,5/8/2008,34.3,67.25,99.9,0,31.28,0
6339,5/9/2008,32.8,58.47,99.9,0,31.28,0
6340,5/10/2008,30.9,48.46,99.9,0,31.28,0
6341,5/11/2008,28.1,36.72,99.9,0,31.28,0
6342,5/12/2008,25.4,26.53,99.9,0,31.52,0
6343,5/13/2008,23.8,24.84,99.9,0,31.52,0
6344,5/14/2008,22.8,23.74,99.9,0,31.52,0
6345,5/15/2008,21.2,21.98,99.9,0,31.52,0
6346,5/16/2008,20.4,21.1,99.9,0,31.52,0
6347,5/17/2008,24.6,25.72,99.9,0,31.28,0
6348,5/18/2008,33.1,60.17,99.9,0,31.04,0
6349,5/19/2008,38.6,96.75,99.9,0,31.28,0
6350,5/20/2008,44.9,151.5,99.9,0,31.04,0
6351,5/21/2008,46.2,164.51,99.9,0,31.04,0
6352,5/22/2008,47.9,182.4,99.9,0,30.79,0
6353,5/23/2008,50.4,210.52,99.9,0,30.79,0
6354,5/24/2008,47.3,175.97,99.9,0,30.55,0
6355,5/25/2008,51.2,219.98,99.9,0,30.55,0
6356,5/26/2008,49.6,201.29,99.9,0,30.55,0
6357,5/27/2008,49.5,200.15,99.9,0,30.55,0
6358,5/28/2008,50.9,216.41,99.9,0,30.3,0
6359,5/29/2008,48.3,186.75,99.9,0,30.3,0
6360,5/30/2008,46.9,171.75,99.9,0,30.3,0
6361,5/31/2008,47.6,179.17,99.9,0,30.3,0
6362,6/1/2008,42.5,129.02,99.9,0,30.3,0
6363,6/2/2008,39.9,106.92,99.9,0,30.06,0
6364,6/3/2008,34.7,69.73,99.9,0,30.06,0
6365,6/4/2008,32.9,59.03,99.9,0,30.06,0
6366,6/5/2008,26.4,29.74,99.9,0,30.3,0
6367,6/6/2008,25,25.34,99.9,0,30.3,0
6368,6/7/2008,23.2,24.18,99.9,0,30.3,0
6369,6/8/2008,22,22.86,99.9,0,30.3,0
6370,6/9/2008,21.4,22.2,99.9,0,30.3,0
6371,6/10/2008,20.9,21.65,99.9,0,31.28,0
6372,6/11/2008,48,183.48,99.9,0,29.33,0
6373,6/12/2008,45.3,155.44,99.9,0,29.33,0
6374,6/13/2008,40.8,114.31,99.9,0,29.33,0
6375,6/14/2008,40.8,114.31,99.9,0,29.33,0
6376,6/15/2008,40,107.73,99.9,0,29.33,0
6377,6/16/2008,36.3,80.18,99.9,0,29.33,0
6378,6/17/2008,32.4,56.26,99.9,0,29.08,0
6379,6/18/2008,30.7,47.48,99.9,0,29.33,0
6380,6/19/2008,28,36.35,99.9,0,29.33,0
6381,6/20/2008,23.6,24.62,99.9,0,29.33,0
6382,6/21/2008,23,23.96,99.9,0,29.33,0
6383,6/22/2008,22.2,23.08,99.9,0,29.33,0
6384,6/23/2008,44,142.84,99.9,0,29.57,0
6385,6/24/2008,46,162.47,99.9,0,29.33,0
6386,6/25/2008,33.7,63.65,99.9,0,28.35,0
6387,6/26/2008,32.4,56.26,99.9,0,28.35,0
6388,6/27/2008,30.7,47.48,99.9,0,28.35,0
6389,6/28/2008,25.1,25.63,99.9,0,28.35,0
6390,6/29/2008,23,23.96,99.9,0,28.59,0
6391,6/30/2008,21.4,22.2,99.9,0,28.59,0
6392,7/1/2008,20.6,21.32,99.9,0,28.35,0
6393,7/2/2008,40.4,110.99,99.9,0,28.35,0
6394,7/3/2008,41.7,121.97,99.9,0,28.35,0
6395,7/4/2008,43.4,137.22,99.9,0,28.1,0
6396,7/5/2008,47,172.8,99.9,0,28.1,0
6397,7/6/2008,46.5,167.59,99.9,0,28.1,0
6398,7/7/2008,48.6,190.06,99.9,0,27.86,0
6399,7/8/2008,47.5,178.1,99.9,0,27.86,0
6400,7/9/2008,49.6,201.29,99.9,0,27.86,0
6401,7/10/2008,49.2,196.75,99.9,0,27.61,0
6402,7/11/2008,47.2,174.91,99.9,0,27.61,0
6403,7/12/2008,47.5,178.1,99.9,0,27.61,0
6404,7/13/2008,45.4,156.43,99.9,0,27.61,0
6405,7/14/2008,42.4,128.13,99.9,0,27.37,0
6406,7/15/2008,38.2,93.73,99.9,0,27.37,0
6407,7/16/2008,32.2,55.18,99.9,0,27.37,0
6408,7/17/2008,30.8,47.97,99.9,0,27.37,0
6409,7/18/2008,28.8,39.38,99.9,0,27.37,0
6410,7/19/2008,28,36.35,99.9,0,27.37,0
6411,7/20/2008,24.7,25.83,99.9,0,27.37,0
6412,7/21/2008,23,23.96,99.9,0,29.08,0
6413,7/22/2008,35.6,75.5,99.9,0,27.37,0
6414,7/23/2008,41,115.99,99.9,0,27.13,0
6415,7/24/2008,41.2,117.68,99.9,0,27.13,0
6416,7/25/2008,42.3,127.24,99.9,0,27.13,0
6417,7/26/2008,46.1,163.49,99.9,0,26.88,0
6418,7/27/2008,46,162.47,99.9,0,26.88,0
6419,7/28/2008,46.1,163.49,99.9,0,26.88,0
6420,7/29/2008,46.4,166.56,99.9,0,26.64,0
6421,7/30/2008,45.2,154.45,99.9,0,26.64,0
6422,7/31/2008,45.7,159.44,99.9,0,26.39,0
6423,8/1/2008,43.8,140.95,99.9,0,26.39,0
6424,8/2/2008,42.6,129.92,99.9,0,26.39,0
6425,8/3/2008,38.2,93.73,99.9,0,26.15,0
6426,8/4/2008,33.2,60.74,99.9,0,26.15,0
6427,8/5/2008,30.9,48.46,99.9,0,26.15,0
6428,8/6/2008,29.4,41.79,99.9,0,26.15,0
6429,8/7/2008,27.6,34.93,99.9,0,26.15,0
6430,8/8/2008,25.6,27.14,99.9,0,26.15,0
6431,8/9/2008,22.7,23.63,99.9,0,26.15,0
6432,8/10/2008,21.2,21.98,99.9,0,26.15,0
6433,8/11/2008,37.8,90.78,99.9,0,25.9,0
6434,8/12/2008,36.4,80.86,99.9,0,25.9,0
6435,8/13/2008,39.5,103.73,99.9,0,25.9,0
6436,8/14/2008,40.8,114.31,99.9,0,25.66,0
6437,8/15/2008,43.4,137.22,99.9,0,25.66,0
6438,8/16/2008,44.9,151.5,99.9,0,25.42,0
6439,8/17/2008,44.9,151.5,99.9,0,25.42,0
6440,8/18/2008,43.9,141.89,99.9,0,25.42,0
6441,8/19/2008,43.9,141.89,99.9,0,25.42,0
6442,8/20/2008,42,124.59,99.9,0,25.17,0
6443,8/21/2008,40.2,109.35,99.9,0,25.17,0
6444,8/22/2008,38.1,92.99,99.9,0,25.17,0
6445,8/23/2008,31.7,52.52,99.9,0,24.93,0
6446,8/24/2008,30,44.32,99.9,0,25.17,0
6447,8/25/2008,27.9,35.99,99.9,0,25.17,0
6448,8/26/2008,26.6,30.42,99.9,0,25.17,0
6449,8/27/2008,24.5,25.61,99.9,0,24.93,0
6450,8/28/2008,36.4,80.86,99.9,0,25.42,0
6451,8/29/2008,37.5,88.59,99.9,0,24.68,0
6452,8/30/2008,38.3,94.48,99.9,0,24.68,0
6453,8/31/2008,41.7,121.97,99.9,0,24.68,0
6454,9/1/2008,43.2,135.37,99.9,0,24.68,0
6455,9/2/2008,41.5,120.25,99.9,0,24.68,0
6456,9/3/2008,45.1,153.46,99.9,0,24.44,0
6457,9/4/2008,41.7,121.97,99.9,0,47.9,0
6458,9/5/2008,41.2,117.68,99.9,0,47.65,0
6459,9/6/2008,43,133.54,99.9,0,47.17,0
6460,9/7/2008,38.1,92.99,99.9,0,41.3,0
6461,9/8/2008,31.5,51.49,99.9,0,38.86,0
6462,9/9/2008,29.4,41.79,99.9,0,37.63,0
6463,9/10/2008,26,28.41,99.9,0,36.66,0
6464,9/11/2008,23.4,24.4,99.9,0,35.92,0
6465,9/12/2008,22.5,23.41,99.9,0,35.43,0
6466,9/13/2008,21.3,22.09,99.9,0,34.95,0
6467,9/14/2008,20.2,20.88,99.9,0,34.7,0
6468,9/15/2008,35.6,75.5,99.9,0,31.28,0
6469,9/16/2008,37.2,86.44,99.9,0,31.28,0
6470,9/17/2008,37.2,86.44,99.9,0,31.28,0
6471,9/18/2008,38.9,99.04,99.9,0,31.28,0
6472,9/19/2008,38.3,94.48,99.9,0,31.28,0
6473,9/20/2008,38.4,95.23,99.9,0,31.04,0
6474,9/21/2008,39.3,102.15,99.9,0,31.04,0
6475,9/22/2008,42.9,132.63,99.9,0,31.04,0
6476,9/23/2008,43.8,140.95,99.9,0,30.79,0
6477,9/24/2008,42.8,131.72,99.9,0,30.79,0
6478,9/25/2008,43.1,134.46,99.9,0,30.79,0
6479,9/26/2008,42.7,130.82,99.9,0,30.55,0
6480,9/27/2008,41.4,119.39,99.9,0,30.55,0
6481,9/28/2008,38.9,99.04,99.9,0,30.55,0
6482,9/29/2008,36.6,82.23,99.9,0,30.55,0
6483,9/30/2008,32,54.1,99.9,0,30.3,0
6484,10/1/2008,29.2,40.97,99.9,0,30.3,0
6485,10/2/2008,26.7,31.92,99.9,0,30.3,0
6486,10/3/2008,23.4,24.4,99.9,0,30.55,0
6487,10/4/2008,21.6,22.42,99.9,0,30.55,0
6488,10/5/2008,40.9,115.15,99.9,0,31.52,0
6489,10/6/2008,40.4,110.99,99.9,0,31.52,0
6490,10/7/2008,39.5,103.73,99.9,0,31.52,0
6491,10/8/2008,44.1,143.79,99.9,0,30.06,0
6492,10/9/2008,45.6,158.43,99.9,0,30.06,0
6493,10/10/2008,43.8,140.95,99.9,0,29.81,0
6494,10/11/2008,44.8,150.52,99.9,0,29.81,0
6495,10/12/2008,45.5,157.43,99.9,0,29.81,0
6496,10/13/2008,47.3,175.97,99.9,0,29.81,0
6497,10/14/2008,48.2,185.66,99.9,0,29.81,0
6498,10/15/2008,46,162.47,99.9,0,29.57,0
6499,10/16/2008,45.2,154.45,99.9,0,29.57,0
6500,10/17/2008,41.9,123.72,99.9,0,29.33,0
6501,10/18/2008,32.1,54.64,99.9,0,29.33,0
6502,10/19/2008,29.9,43.89,99.9,0,29.33,0
6503,10/20/2008,27.9,35.99,99.9,0,29.33,0
6504,10/21/2008,25.4,26.53,99.9,0,29.33,0
6505,10/22/2008,35.8,76.82,99.9,0,29.81,0
6506,10/23/2008,40.3,110.17,99.9,0,29.57,0
6507,10/24/2008,43.1,134.46,99.9,0,29.33,0
6508,10/25/2008,46.4,166.56,99.9,0,29.33,0
6509,10/26/2008,45.6,158.43,99.9,0,29.33,0
6510,10/27/2008,46.8,170.71,99.9,0,29.33,0
6511,10/28/2008,46.7,169.67,99.9,0,29.08,0
6512,10/29/2008,47.1,173.85,99.9,0,29.08,0
6513,10/30/2008,44.6,148.58,99.9,0,29.08,0
6514,10/31/2008,43.1,134.46,99.9,0,28.84,0
6515,11/1/2008,41,115.99,99.9,0,28.84,0
6516,11/2/2008,39.5,103.73,99.9,0,28.84,0
6517,11/3/2008,37.4,87.87,99.9,0,28.84,0
6518,11/4/2008,32.8,58.47,99.9,0,28.84,0
6519,11/5/2008,30.6,47,99.9,0,28.84,0
6520,11/6/2008,26.8,32.24,99.9,0,28.84,0
6521,11/7/2008,25.4,26.53,99.9,0,28.84,0
6522,11/8/2008,34.7,69.73,99.9,0,29.57,0
6523,11/9/2008,34.3,67.25,99.9,0,29.08,0
6524,11/10/2008,37.1,85.73,99.9,0,28.84,0
6525,11/11/2008,37.5,88.59,99.9,0,28.84,0
6526,11/12/2008,41.1,116.83,99.9,0,28.84,0
6527,11/13/2008,40.8,114.31,99.9,0,28.59,0
6528,11/14/2008,42.3,127.24,99.9,0,28.35,0
6529,11/15/2008,43.8,140.95,99.9,0,28.35,0
6530,11/16/2008,41.8,122.84,99.9,0,28.35,0
6531,11/17/2008,43.3,136.29,99.9,0,28.35,0
6532,11/18/2008,39.4,102.94,99.9,0,28.35,0
6533,11/19/2008,38.8,98.27,99.9,0,28.1,0
6534,11/20/2008,33.9,64.84,99.9,0,28.1,0
6535,11/21/2008,31.7,52.52,99.9,0,28.1,0
6536,11/22/2008,42.2,126.35,99.9,0,28.35,0
6537,11/23/2008,44.8,150.52,99.9,0,28.59,0
6538,11/24/2008,45.6,158.43,99.9,0,28.35,0
6539,11/25/2008,45.2,154.45,99.9,0,28.59,0
6540,11/26/2008,41.9,123.72,99.9,0,28.35,0
6541,11/27/2008,45.9,161.45,99.9,0,27.86,0
6542,11/28/2008,45.9,161.45,99.9,0,27.86,0
6543,11/29/2008,44.3,145.69,99.9,0,27.86,0
6544,11/30/2008,45,152.48,99.9,0,27.61,0
6545,12/1/2008,42.3,127.24,99.9,0,27.61,0
6546,12/2/2008,39.9,106.92,99.9,0,27.61,0
6547,12/3/2008,38.5,95.99,99.9,0,27.37,0
6548,12/4/2008,33.3,61.31,99.9,0,27.37,0
6549,12/5/2008,31,48.96,99.9,0,27.37,0
6550,12/6/2008,29.5,42.2,99.9,0,28.59,0
6551,12/7/2008,45.9,161.45,99.9,0,27.13,0
6552,12/8/2008,46.3,165.53,99.9,0,27.13,0
6553,12/9/2008,42.9,132.63,99.9,0,26.88,0
6554,12/10/2008,43.8,140.95,99.9,0,26.88,0
6555,12/11/2008,42.1,125.47,99.9,0,26.88,0
6556,12/12/2008,37.9,91.51,99.9,0,26.64,0
6557,12/13/2008,33.5,62.47,99.9,0,26.64,0
6558,12/14/2008,31,48.96,99.9,0,26.64,0
6559,12/15/2008,29.8,43.46,99.9,0,26.64,0
6560,12/16/2008,28.1,36.72,99.9,0,26.64,0
6561,12/17/2008,43.2,135.37,99.9,0,27.13,0
6562,12/18/2008,41.7,121.97,99.9,0,26.64,0
6563,12/19/2008,44.3,145.69,99.9,0,26.39,0
6564,12/20/2008,41,115.99,99.9,0,26.39,0
6565,12/21/2008,42.5,129.02,99.9,0,26.39,0
6566,12/22/2008,43.2,135.37,99.9,0,26.39,0
6567,12/23/2008,39.2,101.37,99.9,0,26.15,0
6568,12/24/2008,36.2,79.5,99.9,0,26.15,0
6569,12/25/2008,38.8,98.27,99.9,0,26.15,0
6570,12/26/2008,32,54.1,99.9,0,25.9,0
6571,12/27/2008,29.7,43.04,99.9,0,25.9,0
6572,12/28/2008,28.6,38.6,99.9,0,25.9,0
6573,12/29/2008,27.4,34.23,99.9,0,25.9,0
6574,12/30/2008,26.4,29.74,99.9,0,26.88,0
6575,12/31/2008,35,71.62,99.9,0,26.15,0
6576,1/1/2009,43,133.54,99.9,0,26.15,0
6577,1/2/2009,41.3,118.53,99.9,0,26.15,0
6578,1/3/2009,46,162.47,99.9,0,25.9,0
6579,1/4/2009,45.4,156.43,99.9,0,25.9,0
6580,1/5/2009,41.6,121.11,99.9,0,25.9,0
6581,1/6/2009,46.3,165.53,99.9,0,25.66,0
6582,1/7/2009,43.3,136.29,99.9,0,25.42,0
6583,1/8/2009,39.2,101.37,99.9,0,25.42,0
6584,1/9/2009,41.4,119.39,99.9,0,25.42,0
6585,1/10/2009,37.2,86.44,99.9,0,25.17,0
6586,1/11/2009,34.7,69.73,99.9,0,25.17,0
6587,1/12/2009,31.8,53.05,99.9,0,25.17,0
6588,1/13/2009,29.6,42.62,99.9,0,25.17,0
6589,1/14/2009,28.5,38.22,99.9,0,25.42,0
6590,1/15/2009,27.2,33.55,99.9,0,25.17,0
6591,1/16/2009,38.7,97.51,99.9,0,26.64,0
6592,1/17/2009,39,99.82,99.9,0,25.17,0
6593,1/18/2009,38.8,98.27,99.9,0,24.93,0
6594,1/19/2009,39.5,103.73,99.9,0,24.93,0
6595,1/20/2009,38.9,99.04,99.9,0,24.68,0
6596,1/21/2009,39.5,103.73,99.9,0,24.68,0
6597,1/22/2009,37.2,86.44,99.9,0,24.68,0
6598,1/23/2009,34.6,69.1,99.9,0,24.68,0
6599,1/24/2009,32.3,55.72,99.9,0,24.44,0
6600,1/25/2009,31,48.96,99.9,0,24.44,0
6601,1/26/2009,29.7,43.04,99.9,0,24.44,0
6602,1/27/2009,42.6,129.92,99.9,0,24.68,0
6603,1/28/2009,43.4,137.22,99.9,0,24.44,0
6604,1/29/2009,43.5,138.15,99.9,0,23.95,0
6605,1/30/2009,42.4,128.13,99.9,0,23.95,0
6606,1/31/2009,43.9,141.89,99.9,0,23.7,0
6607,2/1/2009,39.3,102.15,99.9,0,48.14,0
6608,2/2/2009,42.8,131.72,99.9,0,48.14,0
6609,2/3/2009,39.8,106.12,99.9,0,47.9,0
6610,2/4/2009,38.9,99.04,99.9,0,47.65,0
6611,2/5/2009,37.5,88.59,99.9,0,44.23,0
6612,2/6/2009,34.4,67.87,99.9,0,40.57,0
6613,2/7/2009,31.1,49.46,99.9,0,38.61,0
6614,2/8/2009,29.5,42.2,99.9,0,37.39,0
6615,2/9/2009,27.9,35.99,99.9,0,36.66,0
6616,2/10/2009,45.8,160.44,99.9,0,32.26,0
6617,2/11/2009,45,152.48,99.9,0,32.26,0
6618,2/12/2009,46,162.47,99.9,0,32.01,0
6619,2/13/2009,46.1,163.49,99.9,0,32.26,0
6620,2/14/2009,47.3,175.97,99.9,0,32.26,0
6621,2/15/2009,45.6,158.43,99.9,0,31.04,0
6622,2/16/2009,46.9,171.75,99.9,0,31.04,0
6623,2/17/2009,47.1,173.85,99.9,0,30.79,0
6624,2/18/2009,45.2,154.45,99.9,0,30.79,0
6625,2/19/2009,45.3,155.44,99.9,0,30.79,0
6626,2/20/2009,41.3,118.53,99.9,0,30.79,0
6627,2/21/2009,40.5,111.81,99.9,0,30.55,0
6628,2/22/2009,39.3,102.15,99.9,0,30.55,0
6629,2/23/2009,33.8,64.24,99.9,0,30.55,0
6630,2/24/2009,30.1,44.76,99.9,0,30.55,0
6631,2/25/2009,49.7,202.43,99.9,0,31.04,0
6632,2/26/2009,52.4,234.58,99.9,0,30.06,0
6633,2/27/2009,50.9,216.41,99.9,0,29.81,0
6634,2/28/2009,52,229.66,99.9,0,29.81,0
6635,3/1/2009,50.9,216.41,99.9,0,29.81,0
6636,3/2/2009,50,205.88,99.9,0,29.57,0
6637,3/3/2009,48,183.48,99.9,0,29.57,0
6638,3/4/2009,45.2,154.45,99.9,0,29.57,0
6639,3/5/2009,40.7,113.47,99.9,0,29.57,0
6640,3/6/2009,34.9,70.99,99.9,0,29.33,0
6641,3/7/2009,48.3,186.75,99.9,0,31.28,0
6642,3/8/2009,47.2,174.91,99.9,0,29.33,0
6643,3/9/2009,48.4,187.85,99.9,0,29.08,0
6644,3/10/2009,47.9,182.4,99.9,0,29.08,0
6645,3/11/2009,48.9,193.39,99.9,0,29.08,0
6646,3/12/2009,48.6,190.06,99.9,0,28.84,0
6647,3/13/2009,45,152.48,99.9,0,28.84,0
6648,3/14/2009,44.8,150.52,99.9,0,28.59,0
6649,3/15/2009,39.2,101.37,99.9,0,28.59,0
6650,3/16/2009,37.4,87.87,99.9,0,28.35,0
6651,3/17/2009,33.7,63.65,99.9,0,28.35,0
6652,3/18/2009,31.5,51.49,99.9,0,28.59,0
6653,3/19/2009,45.4,156.43,99.9,0,28.84,0
6654,3/20/2009,44.7,149.55,99.9,0,28.84,0
6655,3/21/2009,45.6,158.43,99.9,0,28.35,0
6656,3/22/2009,46.8,170.71,99.9,0,28.1,0
6657,3/23/2009,45,152.48,99.9,0,27.86,0
6658,3/24/2009,44.2,144.74,99.9,0,27.86,0
6659,3/25/2009,41.2,117.68,99.9,0,27.86,0
6660,3/26/2009,40.8,114.31,99.9,0,27.86,0
6661,3/27/2009,37.6,89.32,99.9,0,27.86,0
6662,3/28/2009,33.2,60.74,99.9,0,27.61,0
6663,3/29/2009,31.5,51.49,99.9,0,27.61,0
6664,3/30/2009,39.4,102.94,99.9,0,28.59,0
6665,3/31/2009,38.8,98.27,99.9,0,28.59,0
6666,4/1/2009,40.8,114.31,99.9,0,27.86,0
6667,4/2/2009,40.6,112.64,99.9,0,27.13,0
6668,4/3/2009,41.4,119.39,99.9,0,27.13,0
6669,4/4/2009,39.2,101.37,99.9,0,26.88,0
6670,4/5/2009,39.4,102.94,99.9,0,26.88,0
6671,4/6/2009,38.1,92.99,99.9,0,26.64,0
6672,4/7/2009,35.9,77.48,99.9,0,26.64,0
6673,4/8/2009,35.2,72.9,99.9,0,26.64,0
6674,4/9/2009,30.6,47,99.9,0,26.64,0
6675,4/10/2009,29.3,41.38,99.9,0,26.64,0
6676,4/11/2009,28.3,37.46,99.9,0,26.64,0
6677,4/12/2009,39.8,106.12,99.9,0,26.39,0
6678,4/13/2009,40.9,115.15,99.9,0,26.39,0
6679,4/14/2009,41,115.99,99.9,0,26.39,0
6680,4/15/2009,43.4,137.22,99.9,0,26.15,0
6681,4/16/2009,44.4,146.65,99.9,0,26.15,0
6682,4/17/2009,43,133.54,99.9,0,25.9,0
6683,4/18/2009,43.1,134.46,99.9,0,25.9,0
6684,4/19/2009,40.7,113.47,99.9,0,25.9,0
6685,4/20/2009,37.8,90.78,99.9,0,25.66,0
6686,4/21/2009,32.4,56.26,99.9,0,25.66,0
6687,4/22/2009,29.8,43.46,99.9,0,25.66,0
6688,4/23/2009,27.1,33.22,99.9,0,25.66,0
6689,4/24/2009,48.5,188.95,99.9,0,25.17,0
6690,4/25/2009,50.3,209.36,99.9,0,25.17,0
6691,4/26/2009,46.8,170.71,99.9,0,25.17,0
6692,4/27/2009,48.4,187.85,99.9,0,24.93,0
6693,4/28/2009,46.4,166.56,99.9,0,24.93,0
6694,4/29/2009,45.5,157.43,99.9,0,24.93,0
6695,4/30/2009,42.7,130.82,99.9,0,24.68,0
6696,5/1/2009,37.7,90.04,99.9,0,24.68,0
6697,5/2/2009,32.4,56.26,99.9,0,24.68,0
6698,5/3/2009,40.9,115.15,99.9,0,24.19,0
6699,5/4/2009,43.1,134.46,99.9,0,24.19,0
6700,5/5/2009,40.4,110.99,99.9,0,24.19,0
6701,5/6/2009,40,107.73,99.9,0,24.19,0
6702,5/7/2009,39.9,106.92,99.9,0,23.95,0
6703,5/8/2009,39.1,100.59,99.9,0,23.95,0
6704,5/9/2009,35.1,72.26,99.9,0,23.95,0
6705,5/10/2009,30.9,48.46,99.9,0,23.95,0
6706,5/11/2009,43.7,140.01,99.9,0,31.28,0
6707,5/12/2009,44.8,150.52,99.9,0,31.04,0
6708,5/13/2009,37.8,90.78,99.9,0,30.79,0
6709,5/14/2009,38.9,99.04,99.9,0,30.79,0
6710,5/15/2009,44.4,146.65,99.9,0,30.79,0
6711,5/16/2009,32.9,59.03,99.9,0,30.79,0
6712,5/17/2009,40.7,113.47,99.9,0,33.48,0
6713,5/18/2009,40.5,111.81,99.9,0,29.81,0
6714,5/19/2009,38.5,95.99,99.9,0,29.81,0
6715,5/20/2009,44.5,147.62,99.9,0,26.88,0
6716,5/21/2009,43.5,138.15,99.9,0,26.88,0
6717,5/22/2009,44.9,151.5,99.9,0,26.88,0
6718,5/23/2009,43.8,140.95,99.9,0,26.64,0
6719,5/24/2009,41.1,116.83,99.9,0,26.64,0
6720,5/25/2009,40.1,108.54,99.9,0,26.39,0
6721,5/26/2009,34.9,70.99,99.9,0,26.39,0
6722,5/27/2009,41.4,119.39,99.9,0,51.56,0
6723,5/28/2009,40.2,109.35,99.9,0,49.36,0
6724,5/29/2009,39.9,106.92,99.9,0,47.9,0
6725,5/30/2009,39.6,104.52,99.9,0,43.01,0
6726,5/31/2009,38.6,96.75,99.9,0,40.32,0
6727,6/1/2009,36.5,81.54,99.9,0,38.86,0
6728,6/2/2009,36,78.15,99.9,0,37.63,0
6729,6/3/2009,29.5,42.2,99.9,0,36.9,0
6730,6/4/2009,42.2,126.35,99.9,0,28.35,0
6731,6/5/2009,40.1,108.54,99.9,0,28.35,0
6732,6/6/2009,40.4,110.99,99.9,0,28.35,0
6733,6/7/2009,40.7,113.47,99.9,0,28.1,0
6734,6/8/2009,39.5,103.73,99.9,0,28.1,0
6735,6/9/2009,37.7,90.04,99.9,0,28.1,0
6736,6/10/2009,35.6,75.5,99.9,0,28.1,0
6737,6/11/2009,31.9,53.57,99.9,0,27.86,0
6738,6/12/2009,37.7,90.04,99.9,0,25.42,0
6739,6/13/2009,37.2,86.44,99.9,0,25.42,0
6740,6/14/2009,37.7,90.04,99.9,0,24.93,0
6741,6/15/2009,35.1,72.26,99.9,0,24.44,0
6742,6/16/2009,34.6,69.1,99.9,0,24.44,0
6743,6/17/2009,32.7,57.91,99.9,0,24.93,0
6744,6/18/2009,27.4,34.23,99.9,0,26.15,0
6745,6/19/2009,38.3,94.48,99.9,0,29.08,0
6746,6/20/2009,38.5,95.99,99.9,0,29.33,0
6747,6/21/2009,40.2,109.35,99.9,0,29.81,0
6748,6/22/2009,40,107.73,99.9,0,23.95,0
6749,6/23/2009,38.3,94.48,99.9,0,23.95,0
6750,6/24/2009,36.6,82.23,99.9,0,23.95,0
6751,6/25/2009,37.9,91.51,99.9,0,23.95,0
6752,6/26/2009,33.6,63.06,99.9,0,23.7,0
6753,6/27/2009,33.8,64.24,99.9,0,23.7,0
6754,6/28/2009,32.2,55.18,99.9,0,23.7,0
6755,6/29/2009,26.9,32.56,99.9,0,23.7,0
6756,6/30/2009,24.8,25.94,99.9,0,23.7,0
6757,7/1/2009,37.9,91.51,99.9,0,42.77,0
6758,7/2/2009,41,115.99,99.9,0,36.41,0
6759,7/3/2009,40.4,110.99,99.9,0,30.3,0
6760,7/4/2009,42.1,125.47,99.9,0,30.3,0
6761,7/5/2009,36.3,80.18,99.9,0,30.3,0
6762,7/6/2009,35.3,73.54,99.9,0,30.06,0
6763,7/7/2009,33.7,63.65,99.9,0,30.06,0
6764,7/8/2009,30.7,47.48,99.9,0,30.06,0
6765,7/9/2009,28.1,36.72,99.9,0,27.13,0
6766,7/10/2009,32.4,56.26,99.9,0,26.39,0
6767,7/11/2009,30.9,48.46,99.9,0,26.39,0
6768,7/12/2009,30.5,46.53,99.9,0,26.39,0
6769,7/13/2009,29.5,42.2,99.9,0,26.39,0
6770,7/14/2009,26.8,32.24,99.9,0,26.39,0
6771,7/15/2009,25.2,25.93,99.9,0,26.39,0
6772,7/16/2009,28.8,39.38,99.9,0,26.88,0
6773,7/17/2009,29.8,43.46,99.9,0,27.37,0
6774,7/18/2009,29.7,43.04,99.9,0,27.86,0
6775,7/19/2009,32.6,57.36,99.9,0,25.9,0
6776,7/20/2009,32.8,58.47,99.9,0,25.9,0
6777,7/21/2009,31.9,53.57,99.9,0,25.66,0
6778,7/22/2009,30.9,48.46,99.9,0,25.9,0
6779,7/23/2009,29.7,43.04,99.9,0,25.66,0
6780,7/24/2009,28.7,38.99,99.9,0,25.66,0
6781,7/25/2009,28.3,37.46,99.9,0,25.66,0
6782,7/26/2009,29.7,43.04,99.9,0,26.64,0
6783,7/27/2009,26.1,28.74,99.9,0,25.66,0
6784,7/28/2009,26.3,29.4,99.9,0,25.66,0
6785,7/29/2009,26,28.41,99.9,0,25.66,0
6786,7/30/2009,25.9,28.09,99.9,0,25.42,0
6787,7/31/2009,26.8,32.24,99.9,0,25.42,0
6788,8/1/2009,26.4,29.74,99.9,0,25.17,0
6789,8/2/2009,27.3,33.89,99.9,0,24.93,0
6790,8/3/2009,27.1,33.22,99.9,0,25.17,0
6791,8/4/2009,27.1,33.22,99.9,0,25.17,0
6792,8/5/2009,31.5,51.49,99.9,0,25.66,0
6793,8/6/2009,30.2,45.2,99.9,0,24.68,0
6794,8/7/2009,30.9,48.46,99.9,0,24.68,0
6795,8/8/2009,32.1,54.64,99.9,0,24.68,0
6796,8/9/2009,31.8,53.05,99.9,0,24.68,0
6797,8/10/2009,31.4,50.98,99.9,0,24.68,0
6798,8/11/2009,31.6,52,99.9,0,24.68,0
6799,8/12/2009,31,48.96,99.9,0,24.68,0
6800,8/13/2009,28.9,39.77,99.9,0,24.68,0
6801,8/14/2009,24.5,25.61,99.9,0,24.44,0
6802,8/15/2009,23,23.96,99.9,0,24.44,0
6803,8/16/2009,27.1,33.22,99.9,0,29.57,0
6804,8/17/2009,27.7,35.28,99.9,0,28.59,0
6805,8/18/2009,27.6,34.93,99.9,0,28.84,0
6806,8/19/2009,27.4,34.23,99.9,0,28.84,0
6807,8/20/2009,26.6,30.42,99.9,0,28.59,0
6808,8/21/2009,27.6,34.93,99.9,0,28.59,0
6809,8/22/2009,26.6,30.42,99.9,0,28.84,0
6810,8/23/2009,26.1,28.74,99.9,0,28.59,0
6811,8/24/2009,25.3,26.22,99.9,0,28.59,0
6812,8/25/2009,22.5,23.41,99.9,0,28.59,0
6813,8/26/2009,20.7,21.43,99.9,0,28.35,0
6814,8/27/2009,19.5,20.11,99.9,0,29.57,0
6815,8/28/2009,27.6,34.93,99.9,0,28.1,0
6816,8/29/2009,27.2,33.55,99.9,0,28.1,0
6817,8/30/2009,28.3,37.46,99.9,0,28.1,0
6818,8/31/2009,26.6,30.42,99.9,0,28.1,0
6819,9/1/2009,26.2,29.07,99.9,0,27.86,0
6820,9/2/2009,24.6,25.72,99.9,0,27.86,0
6821,9/3/2009,21.9,22.75,99.9,0,27.86,0
6822,9/4/2009,27.5,34.58,99.9,0,28.84,0
6823,9/5/2009,25.9,28.09,99.9,0,27.61,0
6824,9/6/2009,26,28.41,99.9,0,27.61,0
6825,9/7/2009,25.6,27.14,99.9,0,27.37,0
6826,9/8/2009,26.9,32.56,99.9,0,27.37,0
6827,9/9/2009,25.3,26.22,99.9,0,27.61,0
6828,9/10/2009,27.6,34.93,99.9,0,27.37,0
6829,9/11/2009,25.6,27.14,99.9,0,27.37,0
6830,9/12/2009,26.2,29.07,99.9,0,27.61,0
6831,9/13/2009,24.8,25.94,99.9,0,27.37,0
6832,9/14/2009,23.8,24.84,99.9,0,27.37,0
6833,9/15/2009,22.1,22.97,99.9,0,27.37,0
6834,9/16/2009,21.1,21.87,99.9,0,27.37,0
6835,9/17/2009,20.1,20.77,99.9,0,27.37,0
6836,9/18/2009,19,19.56,99.9,0,27.37,0
6837,9/19/2009,17.6,18.02,99.9,0,31.04,0
6838,9/20/2009,24.1,25.17,99.9,0,27.37,0
6839,9/21/2009,26.7,31.92,99.9,0,27.37,0
6840,9/22/2009,26.7,31.92,99.9,0,27.37,0
6841,9/23/2009,28.5,38.22,99.9,0,27.37,0
6842,9/24/2009,27.1,33.22,99.9,0,27.13,0
6843,9/25/2009,27.2,33.55,99.9,0,27.13,0
6844,9/26/2009,28.3,37.46,99.9,0,27.13,0
6845,9/27/2009,27.2,33.55,99.9,0,27.13,0
6846,9/28/2009,26.7,31.92,99.9,0,27.13,0
6847,9/29/2009,27.7,35.28,99.9,0,27.13,0
6848,9/30/2009,26.6,30.42,99.9,0,27.13,0
6849,10/1/2009,25.8,27.77,99.9,0,27.13,0
6850,10/2/2009,23.4,24.4,99.9,0,27.13,0
6851,10/3/2009,22,22.86,99.9,0,27.13,0
6852,10/4/2009,21.2,21.98,99.9,0,27.13,0
6853,10/5/2009,19.1,19.67,99.9,0,27.86,0
6854,10/6/2009,29.1,40.57,99.9,0,28.1,0
6855,10/7/2009,29.2,40.97,99.9,0,26.88,0
6856,10/8/2009,28.9,39.77,99.9,0,26.88,0
6857,10/9/2009,29.8,43.46,99.9,0,26.88,0
6858,10/10/2009,30.1,44.76,99.9,0,26.88,0
6859,10/11/2009,30.4,46.08,99.9,0,26.88,0
6860,10/12/2009,30,44.32,99.9,0,26.88,0
6861,10/13/2009,28.8,39.38,99.9,0,26.88,0
6862,10/14/2009,28.3,37.46,99.9,0,26.88,0
6863,10/15/2009,27,32.89,99.9,0,26.64,0
6864,10/16/2009,24.5,25.61,99.9,0,26.64,0
6865,10/17/2009,22.9,23.85,99.9,0,26.64,0
6866,10/18/2009,21.3,22.09,99.9,0,26.64,0
6867,10/19/2009,28.3,37.46,99.9,0,26.39,0
6868,10/20/2009,30.2,45.2,99.9,0,26.39,0
6869,10/21/2009,31.6,52,99.9,0,26.39,0
6870,10/22/2009,29.5,42.2,99.9,0,26.39,0
6871,10/23/2009,31.1,49.46,99.9,0,26.39,0
6872,10/24/2009,27.7,35.28,99.9,0,26.39,0
6873,10/25/2009,28.6,38.6,99.9,0,26.39,0
6874,10/26/2009,27.1,33.22,99.9,0,26.39,0
6875,10/27/2009,25,25.34,99.9,0,26.15,0
6876,10/28/2009,23.2,24.18,99.9,0,26.15,0
6877,10/29/2009,21.6,22.42,99.9,0,26.15,0
6878,10/30/2009,30.3,45.64,99.9,0,27.13,0
6879,10/31/2009,28.6,38.6,99.9,0,26.88,0
6880,11/1/2009,28.5,38.22,99.9,0,26.15,0
6881,11/2/2009,30.7,47.48,99.9,0,25.9,0
6882,11/3/2009,31.3,50.47,99.9,0,26.15,0
6883,11/4/2009,30.7,47.48,99.9,0,26.15,0
6884,11/5/2009,29.4,41.79,99.9,0,26.15,0
6885,11/6/2009,31,48.96,99.9,0,26.15,0
6886,11/7/2009,28.5,38.22,99.9,0,26.15,0
6887,11/8/2009,27.3,33.89,99.9,0,25.9,0
6888,11/9/2009,25.5,26.83,99.9,0,25.9,0
6889,11/10/2009,23.9,24.95,99.9,0,25.9,0
6890,11/11/2009,22.7,23.63,99.9,0,25.9,0
6891,11/12/2009,27.7,35.28,99.9,0,25.9,0
6892,11/13/2009,28.1,36.72,99.9,0,25.9,0
6893,11/14/2009,28.7,38.99,99.9,0,25.9,0
6894,11/15/2009,30.1,44.76,99.9,0,25.9,0
6895,11/16/2009,29.2,40.97,99.9,0,25.9,0
6896,11/17/2009,28.2,37.09,99.9,0,25.9,0
6897,11/18/2009,29.6,42.62,99.9,0,25.9,0
6898,11/19/2009,28.8,39.38,99.9,0,25.9,0
6899,11/20/2009,26.1,28.74,99.9,0,25.66,0
6900,11/21/2009,26.2,29.07,99.9,0,25.66,0
6901,11/22/2009,23,23.96,99.9,0,25.66,0
6902,11/23/2009,28.5,38.22,99.9,0,29.08,0
6903,11/24/2009,27.3,33.89,99.9,0,33.24,0
6904,11/25/2009,26.2,29.07,99.9,0,28.84,0
6905,11/26/2009,28.2,37.09,99.9,0,28.1,0
6906,11/27/2009,28.3,37.46,99.9,0,25.42,0
6907,11/28/2009,27.9,35.99,99.9,0,24.93,0
6908,11/29/2009,27.1,33.22,99.9,0,24.93,0
6909,11/30/2009,27.2,33.55,99.9,0,24.93,0
6910,12/1/2009,24.4,25.5,99.9,0,26.39,0
6911,12/2/2009,28.1,36.72,99.9,0,25.66,0
6912,12/3/2009,28.3,37.46,99.9,0,25.42,0
6913,12/4/2009,30.1,44.76,99.9,0,24.68,0
6914,12/5/2009,28.9,39.77,99.9,0,24.68,0
6915,12/6/2009,29.2,40.97,99.9,0,24.68,0
6916,12/7/2009,27.7,35.28,99.9,0,24.68,0
6917,12/8/2009,28.7,38.99,99.9,0,24.68,0
6918,12/9/2009,28.7,38.99,99.9,0,24.68,0
6919,12/10/2009,28.3,37.46,99.9,0,24.93,0
6920,12/11/2009,27,32.89,99.9,0,24.68,0
6921,12/12/2009,24.4,25.5,99.9,0,24.68,0
6922,12/13/2009,22.3,23.19,99.9,0,24.93,0
6923,12/14/2009,29.5,42.2,99.9,0,30.3,0
6924,12/15/2009,29.7,43.04,99.9,0,25.66,0
6925,12/16/2009,30.2,45.2,99.9,0,26.15,0
6926,12/17/2009,29.9,43.89,99.9,0,25.9,0
6927,12/18/2009,31.1,49.46,99.9,0,25.17,0
6928,12/19/2009,31.1,49.46,99.9,0,24.93,0
6929,12/20/2009,31.2,49.96,99.9,0,25.17,0
6930,12/21/2009,31.6,52,99.9,0,25.42,0
6931,12/22/2009,29.7,43.04,99.9,0,25.9,0
6932,12/23/2009,26.9,32.56,99.9,0,27.37,0
6933,12/24/2009,34,65.44,99.9,0,27.13,0
6934,12/25/2009,32.9,59.03,99.9,0,25.17,0
6935,12/26/2009,33.8,64.24,99.9,0,24.19,0
6936,12/27/2009,32.1,54.64,99.9,0,24.44,0
6937,12/28/2009,32.8,58.47,99.9,0,25.66,0
6938,12/29/2009,33.4,61.89,99.9,0,25.9,0
6939,12/30/2009,31.9,53.57,99.9,0,26.39,0
6940,12/31/2009,28.5,38.22,99.9,0,28.59,0
6941,1/1/2010,31.3,50.47,99.9,0,27.61,0
6942,1/2/2010,30.7,47.48,99.9,0,26.15,0
6943,1/3/2010,30.3,45.64,99.9,0,27.37,0
6944,1/4/2010,30.6,47,99.9,0,29.57,0
6945,1/5/2010,30.5,46.53,99.9,0,30.06,0
6946,1/6/2010,30,44.32,99.9,0,25.17,0
6947,1/7/2010,28.1,36.72,99.9,0,24.44,0
6948,1/8/2010,29.4,41.79,99.9,0,24.19,0
6949,1/9/2010,27.6,34.93,99.9,0,24.44,0
6950,1/10/2010,28.3,37.46,99.9,0,24.68,0
6951,1/11/2010,28.2,37.09,99.9,0,24.19,0
6952,1/12/2010,28,36.35,99.9,0,23.95,0
6953,1/13/2010,26.6,30.42,99.9,0,23.95,0
6954,1/14/2010,22.8,23.74,99.9,0,23.95,0
6955,1/15/2010,20.9,21.65,99.9,0,28.59,0
6956,1/16/2010,25,25.34,99.9,0,51.32,0
6957,1/17/2010,25.8,27.77,99.9,0,48.88,0
6958,1/18/2010,26,28.41,99.9,0,44.48,0
6959,1/19/2010,26.4,29.74,99.9,0,41.54,0
6960,1/20/2010,25.9,28.09,99.9,0,39.83,0
6961,1/21/2010,25.1,25.63,99.9,0,38.86,0
6962,1/22/2010,25.6,27.14,99.9,0,37.39,0
6963,1/23/2010,24.5,25.61,99.9,0,36.66,0
6964,1/24/2010,22.3,23.19,99.9,0,35.92,0
6965,1/25/2010,20.7,21.43,99.9,0,35.43,0
6966,1/26/2010,18.9,19.45,99.9,0,39.83,0
6967,1/27/2010,28.4,37.84,99.9,0,29.81,0
6968,1/28/2010,30.8,47.97,99.9,0,29.81,0
6969,1/29/2010,30.8,47.97,99.9,0,29.81,0
6970,1/30/2010,30.3,45.64,99.9,0,29.57,0
6971,1/31/2010,28.5,38.22,99.9,0,29.57,0
6972,2/1/2010,27.6,34.93,99.9,0,29.57,0
6973,2/2/2010,30.9,48.46,99.9,0,29.08,0
6974,2/3/2010,29,40.17,99.9,0,29.08,0
6975,2/4/2010,31.1,49.46,99.9,0,29.08,0
6976,2/5/2010,27.2,33.55,99.9,0,28.84,0
