,ID,Eto
0,5232,157.72935416481604
1,5233,160.0618257103145
2,5234,162.39429725581297
3,5235,164.72676880131144
4,5236,167.05924034680993
5,5237,169.39171189230842
6,5238,171.72418343780691
7,5239,174.05665498330535
8,5240,176.38912652880384
9,5241,178.72159807430234
10,5242,181.05406961980083
11,5243,183.3865411652993
12,5244,185.71901271079778
13,5245,188.05148425629625
14,5246,190.3839558017947
15,5247,192.71642734729318
16,5248,195.04889889279167
17,5249,197.38137043829016
18,5250,199.71384198378865
19,5251,202.04631352928712
20,5252,204.37878507478558
21,5253,206.71125662028408
22,5254,209.04372816578257
23,5255,211.37619971128106
24,5256,213.7086712567795
25,5257,216.041142802278
26,5258,218.37361434777648
27,5259,220.70608589327497
28,5260,223.0385574387734
29,5261,225.3710289842719
30,5262,227.7035005297704
31,5263,230.03597207526886
32,5264,232.36844362076735
33,5265,234.70091516626582
34,5266,237.0333867117643
35,5267,239.3658582572628
36,5268,241.69832980276124
37,5269,244.03080134825973
38,5270,246.36327289375822
39,5271,248.6957444392567
40,5272,251.0282159847552
41,5273,253.36068753025364
42,5274,255.69315907575213
43,5275,258.02563062125057
44,5276,260.35810216674906
45,5277,262.69057371224756
46,5278,265.02304525774605
47,5279,267.35551680324454
48,5280,269.68798834874303
49,5281,272.0204598942415
50,5282,274.35293143974
51,5283,276.6854029852384
52,5284,279.0178745307369
53,5285,281.3503460762354
54,5286,283.6828176217339
55,5287,286.01528916723237
56,5288,288.34776071273086
57,5289,290.68023225822935
58,5290,293.01270380372785
59,5291,295.34517534922634
60,5292,297.6776468947248
61,5293,300.0101184402232
62,5294,302.34258998572165
63,5295,304.67506153122014
64,5296,307.00753307671863
65,5297,309.3400046222171
66,5298,311.6724761677156
67,5299,314.0049477132141
68,5300,316.3374192587126
69,5301,318.66989080421104
70,5302,321.00236234970953
71,5303,323.334833895208
72,5304,325.66730544070646
73,5305,327.99977698620495
74,5306,330.33224853170344
75,5307,332.66472007720193
76,5308,334.9971916227004
77,5309,337.3296631681989
78,5310,339.66213471369736
79,5311,341.99460625919585
80,5312,344.32707780469434
81,5313,346.65954935019283
82,5314,348.99202089569127
83,5315,351.32449244118976
84,5316,353.65696398668825
85,5317,355.98943553218675
86,5318,358.3219070776852
87,5319,360.6543786231837
88,5320,362.98685016868217
89,5321,365.31932171418066
90,5322,367.6517932596791
91,5323,369.9842648051776
92,5324,372.316736350676
93,5325,374.6492078961745
94,5326,376.981679441673
95,5327,379.3141509871715
96,5328,381.64662253267
97,5329,383.9790940781685
98,5330,386.3115656236669
99,5331,388.6440371691654
100,5332,390.9765087146639
101,5333,393.3089802601624
102,5334,395.6414518056609
103,5335,397.9739233511594
104,5336,400.3063948966579
105,5337,402.63886644215637
106,5338,404.97133798765486
107,5339,407.30380953315336
108,5340,409.6362810786517
109,5341,411.96875262415017
110,5342,414.30122416964866
111,5343,416.63369571514716
112,5344,418.96616726064553
113,5345,421.298638806144
114,5346,423.6311103516425
115,5347,425.963581897141
116,5348,428.2960534426395
117,5349,430.628524988138
118,5350,432.9609965336365
119,5351,435.293468079135
120,5352,437.6259396246335
121,5353,439.95841117013197
122,5354,442.29088271563046
123,5355,444.62335426112895
124,5356,446.95582580662744
125,5357,449.2882973521259
126,5358,451.6207688976244
127,5359,453.95324044312287
128,5360,456.2857119886213
129,5361,458.6181835341198
130,5362,460.9506550796182
131,5363,463.28312662511667
132,5364,465.61559817061516
133,5365,467.94806971611365
134,5366,470.28054126161214
135,5367,472.61301280711064
136,5368,474.9454843526091
137,5369,477.2779558981076
138,5370,479.6104274436061
139,5371,481.9428989891046
140,5372,484.2753705346031
141,5373,486.6078420801016
142,5374,488.9403136256001
143,5375,491.27278517109846
144,5376,493.60525671659695
145,5377,495.93772826209545
146,5378,498.27019980759394
147,5379,500.6026713530924
148,5380,502.93514289859087
149,5381,505.2676144440893
150,5382,507.6000859895878
151,5383,509.9325575350863
152,5384,512.2650290805848
153,5385,514.5975006260833
154,5386,516.9299721715818
155,5387,519.2624437170803
156,5388,521.5949152625788
157,5389,523.9273868080772
158,5390,526.2598583535757
159,5391,528.5923298990742
160,5392,530.9248014445727
161,5393,533.2572729900711
162,5394,535.5897445355696
163,5395,537.9222160810681
164,5396,540.2546876265665
165,5397,542.587159172065
166,5398,544.9196307175635
167,5399,547.2521022630619
168,5400,549.5845738085604
169,5401,551.9170453540589
170,5402,554.2495168995574
171,5403,556.5819884450559
172,5404,558.9144599905544
173,5405,561.2469315360529
174,5406,563.5794030815514
175,5407,565.9118746270499
176,5408,568.2443461725484
177,5409,570.5768177180469
178,5410,572.9092892635454
179,5411,575.2417608090439
180,5412,577.5742323545421
181,5413,579.9067039000406
182,5414,582.2391754455391
183,5415,584.5716469910376
184,5416,586.9041185365361
185,5417,589.2365900820346
186,5418,591.5690616275331
187,5419,593.9015331730316
188,5420,596.2340047185301
189,5421,598.5664762640286
190,5422,600.8989478095269
191,5423,603.2314193550254
192,5424,605.5638909005239
193,5425,607.8963624460224
194,5426,610.2288339915209
195,5427,612.5613055370194
196,5428,614.8937770825179
197,5429,617.2262486280164
198,5430,619.5587201735148
199,5431,621.8911917190132
200,5432,624.2236632645117
201,5433,626.5561348100102
202,5434,628.8886063555087
203,5435,631.2210779010072
204,5436,633.5535494465057
205,5437,635.8860209920042
206,5438,638.2184925375027
207,5439,640.5509640830012
208,5440,642.8834356284997
209,5441,645.2159071739982
210,5442,647.5483787194967
211,5443,649.880850264995
212,5444,652.2133218104935
213,5445,654.545793355992
214,5446,656.8782649014905
215,5447,659.210736446989
216,5448,661.5432079924874
217,5449,663.8756795379859
218,5450,666.2081510834844
219,5451,668.5406226289829
220,5452,670.8730941744814
221,5453,673.2055657199799
222,5454,675.5380372654784
223,5455,677.8705088109768
224,5456,680.2029803564753
225,5457,682.5354519019738
226,5458,684.8679234474723
227,5459,687.2003949929708
228,5460,689.5328665384693
229,5461,691.8653380839678
230,5462,694.1978096294663
231,5463,696.5302811749647
232,5464,698.8627527204632
233,5465,701.1952242659614
234,5466,703.5276958114599
235,5467,705.8601673569584
236,5468,708.1926389024569
237,5469,710.5251104479554
238,5470,712.8575819934539
239,5471,715.1900535389524
240,5472,717.5225250844509
241,5473,719.8549966299494
242,5474,722.1874681754479
243,5475,724.5199397209464
244,5476,726.8524112664448
245,5477,729.1848828119433
246,5478,731.5173543574418
247,5479,733.8498259029403
248,5480,736.1822974484388
249,5481,738.5147689939373
250,5482,740.8472405394358
251,5483,743.1797120849342
252,5484,745.5121836304326
253,5485,747.844655175931
254,5486,750.1771267214295
255,5487,752.509598266928
256,5488,754.8420698124265
257,5489,757.174541357925
258,5490,759.5070129034235
259,5491,761.839484448922
260,5492,764.1719559944205
261,5493,766.504427539919
262,5494,768.8368990854175
263,5495,771.169370630916
264,5496,773.5018421764145
265,5497,775.834313721913
266,5498,778.1667852674115
267,5499,780.49925681291
268,5500,782.8317283584084
269,5501,785.1641999039068
270,5502,787.4966714494053
271,5503,789.8291429949038
272,5504,792.1616145404023
273,5505,794.4940860859008
274,5506,796.8265576313993
275,5507,799.1590291768978
276,5508,801.4915007223963
277,5509,803.8239722678948
278,5510,806.1564438133933
279,5511,808.4889153588917
280,5512,810.8213869043902
281,5513,813.1538584498887
282,5514,815.4863299953872
283,5515,817.8188015408855
284,5516,820.151273086384
285,5517,822.4837446318825
286,5518,824.8162161773807
287,5519,827.1486877228792
288,5520,829.4811592683777
289,5521,831.8136308138762
290,5522,834.1461023593747
291,5523,836.4785739048732
292,5524,838.8110454503717
293,5525,841.1435169958702
294,5526,843.4759885413687
295,5527,845.8084600868672
296,5528,848.1409316323657
297,5529,850.4734031778642
298,5530,852.8058747233626
299,5531,855.1383462688611
300,5532,857.4708178143596
301,5533,859.8032893598581
302,5534,862.1357609053566
303,5535,864.4682324508551
304,5536,866.8007039963535
305,5537,869.133175541852
306,5538,871.4656470873505
307,5539,873.798118632849
308,5540,876.1305901783475
309,5541,878.463061723846
310,5542,880.7955332693444
311,5543,883.1280048148429
312,5544,885.4604763603414
313,5545,887.7929479058399
314,5546,890.1254194513384
315,5547,892.4578909968369
316,5548,894.7903625423354
317,5549,897.1228340878339
318,5550,899.4553056333324
319,5551,901.7877771788309
320,5552,904.1202487243294
321,5553,906.4527202698279
322,5554,908.7851918153262
323,5555,911.1176633608247
324,5556,913.450134906323
325,5557,915.7826064518215
326,5558,918.11507799732
327,5559,920.4475495428185
328,5560,922.780021088317
329,5561,925.1124926338155
330,5562,927.444964179314
331,5563,929.7774357248124
332,5564,932.1099072703109
333,5565,934.4423788158094
334,5566,936.7748503613079
335,5567,939.1073219068064
336,5568,941.4397934523049
337,5569,943.7722649978034
338,5570,946.1047365433019
339,5571,948.4372080888004
340,5572,950.7696796342989
341,5573,953.1021511797974
342,5574,955.4346227252959
343,5575,957.7670942707944
344,5576,960.0995658162926
345,5577,962.4320373617911
346,5578,964.7645089072896
347,5579,967.0969804527881
348,5580,969.4294519982866
349,5581,971.7619235437851
350,5582,974.0943950892836
351,5583,976.4268666347821
352,5584,978.7593381802806
353,5585,981.0918097257791
354,5586,983.4242812712776
355,5587,985.756752816776
356,5588,988.0892243622745
357,5589,990.421695907773
358,5590,992.7541674532715
359,5591,995.08663899877
360,5592,997.4191105442685
361,5593,999.7515820897669
362,5594,1002.0840536352654
363,5595,1004.4165251807639
364,5596,1006.7489967262624
365,5597,1009.0814682717607
366,5598,1011.4139398172592
367,5599,1013.7464113627577
368,5600,1016.0788829082562
369,5601,1018.4113544537547
370,5602,1020.7438259992532
371,5603,1023.0762975447517
372,5604,1025.4087690902502
373,5605,1027.7412406357487
374,5606,1030.0737121812472
375,5607,1032.4061837267457
376,5608,1034.7386552722442
377,5609,1037.0711268177427
378,5610,1039.4035983632411
379,5611,1041.7360699087394
380,5612,1044.068541454238
381,5613,1046.4010129997364
382,5614,1048.733484545235
383,5615,1051.0659560907334
384,5616,1053.3984276362319
385,5617,1055.7308991817304
386,5618,1058.0633707272289
387,5619,1060.3958422727274
388,5620,1062.7283138182258
389,5621,1065.0607853637243
390,5622,1067.3932569092228
391,5623,1069.7257284547213
392,5624,1072.0582000002198
393,5625,1074.3906715457183
394,5626,1076.7231430912168
395,5627,1079.0556146367153
396,5628,1081.3880861822138
397,5629,1083.720557727712
398,5630,1086.0530292732105
399,5631,1088.385500818709
400,5632,1090.7179723642075
401,5633,1093.050443909706
402,5634,1095.3829154552045
403,5635,1097.715387000703
404,5636,1100.0478585462015
405,5637,1102.3803300917
406,5638,1104.7128016371985
407,5639,1107.0452731826967
408,5640,1109.3777447281955
409,5641,1111.7102162736937
410,5642,1114.0426878191925
411,5643,1116.3751593646907
412,5644,1118.7076309101894
413,5645,1121.0401024556877
414,5646,1123.3725740011862
415,5647,1125.7050455466847
416,5648,1128.0375170921832
417,5649,1130.3699886376817
418,5650,1132.7024601831802
419,5651,1135.0349317286787
420,5652,1137.3674032741771
421,5653,1139.6998748196756
422,5654,1142.0323463651741
423,5655,1144.3648179106726
424,5656,1146.6972894561711
425,5657,1149.0297610016696
426,5658,1151.362232547168
427,5659,1153.6947040926666
428,5660,1156.027175638165
429,5661,1158.3596471836636
430,5662,1160.692118729162
431,5663,1163.0245902746606
432,5664,1165.3570618201588
433,5665,1167.6895333656573
434,5666,1170.0220049111558
435,5667,1172.3544764566543
436,5668,1174.6869480021528
437,5669,1177.0194195476513
438,5670,1179.3518910931498
439,5671,1181.6843626386483
440,5672,1184.0168341841468
441,5673,1186.3493057296453
442,5674,1188.6817772751438
443,5675,1191.0142488206423
444,5676,1193.3467203661407
445,5677,1195.6791919116392
446,5678,1198.0116634571377
447,5679,1200.344135002636
448,5680,1202.6766065481345
449,5681,1205.009078093633
450,5682,1207.3415496391312
451,5683,1209.67402118463
452,5684,1212.0064927301282
453,5685,1214.338964275627
454,5686,1216.6714358211252
455,5687,1219.003907366624
456,5688,1221.3363789121222
457,5689,1223.668850457621
458,5690,1226.0013220031192
459,5691,1228.333793548618
460,5692,1230.6662650941162
461,5693,1232.998736639615
462,5694,1235.3312081851132
463,5695,1237.6636797306119
464,5696,1239.9961512761101
465,5697,1242.3286228216089
466,5698,1244.6610943671071
467,5699,1246.9935659126056
468,5700,1249.326037458104
469,5701,1251.6585090036026
470,5702,1253.990980549101
471,5703,1256.3234520945996
472,5704,1258.655923640098
473,5705,1260.9883951855966
474,5706,1263.320866731095
475,5707,1265.6533382765936
476,5708,1267.985809822092
477,5709,1270.3182813675905
478,5710,1272.650752913089
479,5711,1274.9832244585875
480,5712,1277.315696004086
481,5713,1279.6481675495845
482,5714,1281.980639095083
483,5715,1284.3131106405815
484,5716,1286.64558218608
485,5717,1288.9780537315783
486,5718,1291.3105252770767
487,5719,1293.6429968225752
488,5720,1295.9754683680737
489,5721,1298.307939913572
490,5722,1300.6404114590705
491,5723,1302.972883004569
492,5724,1305.3053545500675
493,5725,1307.637826095566
494,5726,1309.9702976410645
495,5727,1312.302769186563
496,5728,1314.6352407320614
497,5729,1316.96771227756
498,5730,1319.3001838230584
499,5731,1321.632655368557
500,5732,1323.9651269140554
501,5733,1326.297598459554
502,5734,1328.6300700050524
503,5735,1330.9625415505507
504,5736,1333.2950130960494
505,5737,1335.6274846415477
506,5738,1337.9599561870464
507,5739,1340.2924277325446
508,5740,1342.6248992780434
509,5741,1344.9573708235416
510,5742,1347.2898423690403
511,5743,1349.6223139145386
512,5744,1351.9547854600373
513,5745,1354.2872570055356
514,5746,1356.6197285510343
515,5747,1358.9522000965326
516,5748,1361.2846716420313
517,5749,1363.6171431875296
518,5750,1365.9496147330283
519,5751,1368.2820862785265
520,5752,1370.614557824025
521,5753,1372.9470293695235
522,5754,1375.279500915022
523,5755,1377.6119724605205
524,5756,1379.944444006019
525,5757,1382.2769155515175
526,5758,1384.609387097016
527,5759,1386.9418586425145
528,5760,1389.274330188013
529,5761,1391.6068017335115
530,5762,1393.9392732790097
531,5763,1396.2717448245082
532,5764,1398.6042163700067
533,5765,1400.9366879155052
534,5766,1403.2691594610037
535,5767,1405.6016310065022
536,5768,1407.9341025520007
537,5769,1410.2665740974992
538,5770,1412.5990456429975
539,5771,1414.931517188496
540,5772,1417.2639887339944
541,5773,1419.596460279493
542,5774,1421.9289318249914
543,5775,1424.26140337049
544,5776,1426.5938749159884
545,5777,1428.926346461487
546,5778,1431.2588180069854
547,5779,1433.5912895524839
548,5780,1435.9237610979824
549,5781,1438.2562326434809
550,5782,1440.5887041889794
551,5783,1442.9211757344779
552,5784,1445.2536472799763
553,5785,1447.5861188254748
554,5786,1449.9185903709733
555,5787,1452.2510619164718
556,5788,1454.58353346197
557,5789,1456.9160050074688
558,5790,1459.248476552967
559,5791,1461.5809480984658
560,5792,1463.913419643964
561,5793,1466.2458911894628
562,5794,1468.578362734961
563,5795,1470.9108342804598
564,5796,1473.243305825958
565,5797,1475.5757773714568
566,5798,1477.908248916955
567,5799,1480.2407204624537
568,5800,1482.573192007952
569,5801,1484.9056635534507
570,5802,1487.238135098949
571,5803,1489.5706066444475
572,5804,1491.903078189946
573,5805,1494.2355497354442
574,5806,1496.5680212809427
575,5807,1498.9004928264412
576,5808,1501.2329643719397
577,5809,1503.5654359174382
578,5810,1505.8979074629367
579,5811,1508.2303790084352
580,5812,1510.5628505539337
581,5813,1512.8953220994322
582,5814,1515.2277936449307
583,5815,1517.5602651904292
584,5816,1519.8927367359277
585,5817,1522.2252082814261
586,5818,1524.5576798269246
587,5819,1526.8901513724231
588,5820,1529.2226229179216
589,5821,1531.5550944634201
590,5822,1533.8875660089186
591,5823,1536.2200375544166
592,5824,1538.5525090999154
593,5825,1540.8849806454136
594,5826,1543.2174521909124
595,5827,1545.5499237364106
596,5828,1547.8823952819093
597,5829,1550.2148668274076
598,5830,1552.5473383729063
599,5831,1554.8798099184046
600,5832,1557.2122814639033
601,5833,1559.5447530094016
602,5834,1561.8772245549003
603,5835,1564.2096961003986
604,5836,1566.5421676458973
605,5837,1568.8746391913955
606,5838,1571.2071107368943
607,5839,1573.5395822823925
608,5840,1575.8720538278912
609,5841,1578.2045253733895
610,5842,1580.5369969188882
611,5843,1582.8694684643865
612,5844,1585.2019400098852
613,5845,1587.5344115553835
614,5846,1589.8668831008822
615,5847,1592.1993546463805
616,5848,1594.5318261918792
617,5849,1596.8642977373775
618,5850,1599.1967692828762
619,5851,1601.5292408283744
620,5852,1603.8617123738732
621,5853,1606.1941839193714
622,5854,1608.5266554648701
623,5855,1610.8591270103684
624,5856,1613.1915985558671
625,5857,1615.5240701013654
626,5858,1617.8565416468637
627,5859,1620.1890131923622
628,5860,1622.5214847378606
629,5861,1624.8539562833591
630,5862,1627.1864278288576
631,5863,1629.5188993743561
632,5864,1631.8513709198546
633,5865,1634.1838424653529
634,5866,1636.5163140108511
635,5867,1638.8487855563499
636,5868,1641.1812571018481
637,5869,1643.5137286473469
638,5870,1645.8462001928451
639,5871,1648.1786717383438
640,5872,1650.511143283842
641,5873,1652.8436148293408
642,5874,1655.176086374839
643,5875,1657.5085579203378
644,5876,1659.841029465836
645,5877,1662.1735010113348
646,5878,1664.505972556833
647,5879,1666.8384441023318
648,5880,1669.17091564783
649,5881,1671.5033871933288
650,5882,1673.835858738827
651,5883,1676.1683302843257
652,5884,1678.500801829824
653,5885,1680.8332733753227
654,5886,1683.165744920821
655,5887,1685.4982164663197
656,5888,1687.830688011818
657,5889,1690.1631595573167
658,5890,1692.4956311028147
659,5891,1694.8281026483132
660,5892,1697.1605741938117
661,5893,1699.4930457393102
662,5894,1701.8255172848087
663,5895,1704.1579888303072
664,5896,1706.4904603758057
665,5897,1708.8229319213042
666,5898,1711.1554034668027
667,5899,1713.4878750123012
668,5900,1715.8203465577997
669,5901,1718.1528181032982
670,5902,1720.4852896487967
671,5903,1722.8177611942951
672,5904,1725.1502327397936
673,5905,1727.4827042852921
674,5906,1729.8151758307906
675,5907,1732.1476473762891
676,5908,1734.4801189217876
677,5909,1736.812590467286
678,5910,1739.1450620127846
679,5911,1741.477533558283
680,5912,1743.8100051037816
681,5913,1746.14247664928
682,5914,1748.4749481947786
683,5915,1750.807419740277
684,5916,1753.1398912857755
685,5917,1755.472362831274
686,5918,1757.8048343767725
687,5919,1760.137305922271
688,5920,1762.4697774677693
689,5921,1764.8022490132676
690,5922,1767.1347205587663
691,5923,1769.4671921042645
692,5924,1771.7996636497633
693,5925,1774.1321351952615
694,5926,1776.4646067407602
695,5927,1778.7970782862585
696,5928,1781.1295498317572
697,5929,1783.4620213772555
698,5930,1785.7944929227542
699,5931,1788.1269644682525
700,5932,1790.4594360137512
701,5933,1792.7919075592495
702,5934,1795.1243791047482
703,5935,1797.4568506502465
704,5936,1799.7893221957452
705,5937,1802.1217937412434
706,5938,1804.4542652867422
707,5939,1806.7867368322404
708,5940,1809.1192083777391
709,5941,1811.4516799232374
710,5942,1813.7841514687361
711,5943,1816.1166230142344
712,5944,1818.449094559733
713,5945,1820.7815661052314
714,5946,1823.11403765073
715,5947,1825.4465091962281
716,5948,1827.7789807417266
717,5949,1830.1114522872251
718,5950,1832.4439238327236
719,5951,1834.776395378222
720,5952,1837.1088669237206
721,5953,1839.441338469219
722,5954,1841.7738100147176
723,5955,1844.1062815602158
724,5956,1846.438753105714
725,5957,1848.7712246512128
726,5958,1851.103696196711
727,5959,1853.4361677422098
728,5960,1855.768639287708
729,5961,1858.1011108332068
730,5962,1860.433582378705
731,5963,1862.7660539242038
732,5964,1865.098525469702
733,5965,1867.4309970152008
734,5966,1869.763468560699
735,5967,1872.0959401061978
736,5968,1874.428411651696
737,5969,1876.7608831971947
738,5970,1879.093354742693
739,5971,1881.4258262881917
740,5972,1883.75829783369
741,5973,1886.0907693791887
742,5974,1888.423240924687
743,5975,1890.7557124701857
744,5976,1893.088184015684
745,5977,1895.4206555611827
746,5978,1897.753127106681
747,5979,1900.0855986521797
748,5980,1902.418070197678
749,5981,1904.7505417431767
750,5982,1907.083013288675
751,5983,1909.4154848341736
752,5984,1911.747956379672
753,5985,1914.0804279251706
754,5986,1916.412899470669
755,5987,1918.7453710161676
756,5988,1921.0778425616659
757,5989,1923.4103141071646
758,5990,1925.7427856526629
759,5991,1928.0752571981611
760,5992,1930.4077287436596
761,5993,1932.740200289158
762,5994,1935.0726718346566
763,5995,1937.405143380155
764,5996,1939.7376149256536
765,5997,1942.070086471152
766,5998,1944.4025580166506
767,5999,1946.735029562149
768,6000,1949.0675011076476
769,6001,1951.399972653146
770,6002,1953.7324441986445
771,6003,1956.064915744143
772,6004,1958.3973872896415
773,6005,1960.72985883514
774,6006,1963.0623303806385
775,6007,1965.394801926137
776,6008,1967.7272734716355
777,6009,1970.059745017134
778,6010,1972.3922165626325
779,6011,1974.724688108131
780,6012,1977.0571596536295
781,6013,1979.389631199128
782,6014,1981.7221027446265
783,6015,1984.054574290125
784,6016,1986.3870458356234
785,6017,1988.719517381122
786,6018,1991.0519889266204
787,6019,1993.384460472119
788,6020,1995.7169320176174
789,6021,1998.049403563116
790,6022,2000.3818751086144
791,6023,2002.714346654113
792,6024,2005.0468181996114
793,6025,2007.3792897451099
794,6026,2009.7117612906081
795,6027,2012.0442328361064
796,6028,2014.3767043816051
797,6029,2016.7091759271032
798,6030,2019.0416474726017
799,6031,2021.3741190181001
800,6032,2023.7065905635986
801,6033,2026.0390621090971
802,6034,2028.3715336545956
803,6035,2030.7040052000941
804,6036,2033.0364767455926
805,6037,2035.368948291091
806,6038,2037.7014198365896
807,6039,2040.033891382088
808,6040,2042.3663629275866
809,6041,2044.698834473085
810,6042,2047.0313060185836
811,6043,2049.363777564082
812,6044,2051.6962491095805
813,6045,2054.0287206550793
814,6046,2056.3611922005775
815,6047,2058.693663746076
816,6048,2061.0261352915745
817,6049,2063.3586068370732
818,6050,2065.6910783825715
819,6051,2068.0235499280698
820,6052,2070.3560214735685
821,6053,2072.688493019067
822,6054,2075.0209645645655
823,6055,2077.3534361100637
824,6056,2079.6859076555625
825,6057,2082.018379201061
826,6058,2084.3508507465594
827,6059,2086.6833222920577
828,6060,2089.0157938375564
829,6061,2091.3482653830547
830,6062,2093.680736928553
831,6063,2096.0132084740517
832,6064,2098.34568001955
833,6065,2100.6781515650487
834,6066,2103.010623110547
835,6067,2105.3430946560457
836,6068,2107.675566201544
837,6069,2110.0080377470426
838,6070,2112.340509292541
839,6071,2114.6729808380396
840,6072,2117.005452383538
841,6073,2119.3379239290366
842,6074,2121.670395474535
843,6075,2124.0028670200336
844,6076,2126.335338565532
845,6077,2128.6678101110306
846,6078,2131.000281656529
847,6079,2133.3327532020276
848,6080,2135.665224747526
849,6081,2137.9976962930245
850,6082,2140.330167838523
851,6083,2142.6626393840215
852,6084,2144.99511092952
853,6085,2147.3275824750185
854,6086,2149.660054020517
855,6087,2151.9925255660155
856,6088,2154.3249971115138
857,6089,2156.6574686570125
858,6090,2158.9899402025108
859,6091,2161.3224117480095
860,6092,2163.6548832935077
861,6093,2165.9873548390065
862,6094,2168.3198263845047
863,6095,2170.6522979300034
864,6096,2172.9847694755017
865,6097,2175.317241021
866,6098,2177.6497125664982
867,6099,2179.982184111997
868,6100,2182.3146556574957
869,6101,2184.647127202994
870,6102,2186.979598748492
871,6103,2189.312070293991
872,6104,2191.6445418394896
873,6105,2193.977013384988
874,6106,2196.309484930486
875,6107,2198.641956475985
876,6108,2200.9744280214836
877,6109,2203.306899566982
878,6110,2205.63937111248
879,6111,2207.971842657979
880,6112,2210.304314203477
881,6113,2212.6367857489754
882,6114,2214.969257294474
883,6115,2217.3017288399724
884,6116,2219.634200385471
885,6117,2221.9666719309694
886,6118,2224.299143476468
887,6119,2226.6316150219664
888,6120,2228.964086567465
889,6121,2231.2965581129633
890,6122,2233.629029658462
891,6123,2235.9615012039603
892,6124,2238.293972749459
893,6125,2240.6264442949573
894,6126,2242.958915840456
895,6127,2245.2913873859543
896,6128,2247.623858931453
897,6129,2249.9563304769513
898,6130,2252.28880202245
899,6131,2254.6212735679483
900,6132,2256.9537451134465
901,6133,2259.286216658945
902,6134,2261.6186882044435
903,6135,2263.9511597499422
904,6136,2266.2836312954405
905,6137,2268.6161028409388
906,6138,2270.9485743864375
907,6139,2273.281045931936
908,6140,2275.6135174774345
909,6141,2277.9459890229327
910,6142,2280.2784605684315
911,6143,2282.61093211393
912,6144,2284.9434036594284
913,6145,2287.2758752049267
914,6146,2289.6083467504254
915,6147,2291.940818295924
916,6148,2294.2732898414224
917,6149,2296.6057613869207
918,6150,2298.9382329324194
919,6151,2301.270704477918
920,6152,2303.6031760234164
921,6153,2305.9356475689146
922,6154,2308.2681191144134
923,6155,2310.600590659912
924,6156,2312.9330622054104
925,6157,2315.2655337509086
926,6158,2317.5980052964073
927,6159,2319.930476841906
928,6160,2322.2629483874043
929,6161,2324.5954199329026
930,6162,2326.9278914784013
931,6163,2329.2603630239
932,6164,2331.5928345693983
933,6165,2333.9253061148966
934,6166,2336.2577776603953
935,6167,2338.5902492058935
936,6168,2340.922720751392
937,6169,2343.2551922968905
938,6170,2345.587663842389
939,6171,2347.9201353878875
940,6172,2350.252606933386
941,6173,2352.5850784788845
942,6174,2354.9175500243828
943,6175,2357.2500215698815
944,6176,2359.5824931153797
945,6177,2361.9149646608785
946,6178,2364.2474362063767
947,6179,2366.5799077518755
948,6180,2368.9123792973737
949,6181,2371.2448508428724
950,6182,2373.5773223883707
951,6183,2375.9097939338694
952,6184,2378.2422654793677
953,6185,2380.5747370248664
954,6186,2382.9072085703647
955,6187,2385.2396801158634
956,6188,2387.5721516613617
957,6189,2389.9046232068604
958,6190,2392.2370947523586
959,6191,2394.5695662978574
960,6192,2396.9020378433556
961,6193,2399.2345093888543
962,6194,2401.5669809343526
963,6195,2403.899452479851
964,6196,2406.231924025349
965,6197,2408.564395570848
966,6198,2410.8968671163466
967,6199,2413.229338661845
968,6200,2415.561810207343
969,6201,2417.894281752842
970,6202,2420.2267532983406
971,6203,2422.5592248438384
972,6204,2424.891696389337
973,6205,2427.2241679348354
974,6206,2429.556639480334
975,6207,2431.8891110258323
976,6208,2434.221582571331
977,6209,2436.5540541168293
978,6210,2438.886525662328
979,6211,2441.2189972078263
980,6212,2443.551468753325
981,6213,2445.8839402988233
982,6214,2448.216411844322
983,6215,2450.5488833898203
984,6216,2452.881354935319
985,6217,2455.2138264808173
986,6218,2457.546298026316
987,6219,2459.8787695718142
988,6220,2462.211241117313
989,6221,2464.5437126628112
990,6222,2466.87618420831
991,6223,2469.208655753808
992,6224,2471.541127299307
993,6225,2473.873598844805
994,6226,2476.206070390304
995,6227,2478.538541935802
996,6228,2480.871013481301
997,6229,2483.203485026799
998,6230,2485.535956572298
999,6231,2487.868428117796
1000,6232,2490.200899663295
1001,6233,2492.533371208793
1002,6234,2494.865842754292
1003,6235,2497.19831429979
1004,6236,2499.530785845289
1005,6237,2501.863257390787
1006,6238,2504.1957289362854
1007,6239,2506.5282004817836
1008,6240,2508.8606720272824
1009,6241,2511.193143572781
1010,6242,2513.5256151182793
1011,6243,2515.8580866637776
1012,6244,2518.1905582092763
1013,6245,2520.523029754775
1014,6246,2522.8555013002733
1015,6247,2525.1879728457716
1016,6248,2527.5204443912703
1017,6249,2529.852915936769
1018,6250,2532.1853874822673
1019,6251,2534.5178590277656
1020,6252,2536.8503305732643
1021,6253,2539.182802118763
1022,6254,2541.5152736642613
1023,6255,2543.8477452097595
1024,6256,2546.1802167552582
1025,6257,2548.512688300757
1026,6258,2550.8451598462552
1027,6259,2553.1776313917535
1028,6260,2555.510102937252
1029,6261,2557.842574482751
1030,6262,2560.175046028249
1031,6263,2562.5075175737475
1032,6264,2564.839989119246
1033,6265,2567.172460664745
1034,6266,2569.504932210243
1035,6267,2571.8374037557414
1036,6268,2574.16987530124
1037,6269,2576.502346846739
1038,6270,2578.834818392237
1039,6271,2581.1672899377354
1040,6272,2583.499761483234
1041,6273,2585.8322330287324
1042,6274,2588.1647045742307
1043,6275,2590.4971761197294
1044,6276,2592.8296476652276
1045,6277,2595.162119210726
1046,6278,2597.494590756224
1047,6279,2599.827062301723
1048,6280,2602.1595338472216
1049,6281,2604.49200539272
1050,6282,2606.824476938218
1051,6283,2609.156948483717
1052,6284,2611.4894200292156
1053,6285,2613.821891574714
1054,6286,2616.154363120212
1055,6287,2618.486834665711
1056,6288,2620.8193062112096
1057,6289,2623.151777756708
1058,6290,2625.484249302206
1059,6291,2627.816720847705
1060,6292,2630.1491923932035
1061,6293,2632.481663938702
1062,6294,2634.8141354842
1063,6295,2637.1466070296988
1064,6296,2639.4790785751975
1065,6297,2641.8115501206958
1066,6298,2644.144021666194
1067,6299,2646.4764932116927
1068,6300,2648.8089647571915
1069,6301,2651.1414363026897
1070,6302,2653.473907848188
1071,6303,2655.8063793936867
1072,6304,2658.1388509391854
1073,6305,2660.4713224846837
1074,6306,2662.803794030182
1075,6307,2665.1362655756807
1076,6308,2667.468737121179
1077,6309,2669.801208666677
1078,6310,2672.133680212176
1079,6311,2674.466151757674
1080,6312,2676.798623303173
1081,6313,2679.131094848671
1082,6314,2681.46356639417
1083,6315,2683.796037939668
1084,6316,2686.128509485167
1085,6317,2688.460981030665
1086,6318,2690.793452576164
1087,6319,2693.125924121662
1088,6320,2695.458395667161
1089,6321,2697.790867212659
1090,6322,2700.123338758158
1091,6323,2702.455810303656
1092,6324,2704.788281849155
1093,6325,2707.120753394653
1094,6326,2709.453224940152
1095,6327,2711.78569648565
1096,6328,2714.118168031149
1097,6329,2716.450639576647
1098,6330,2718.783111122146
1099,6331,2721.115582667644
1100,6332,2723.4480542131428
1101,6333,2725.780525758641
1102,6334,2728.1129973041398
1103,6335,2730.445468849638
1104,6336,2732.7779403951367
1105,6337,2735.110411940635
1106,6338,2737.4428834861337
1107,6339,2739.775355031632
1108,6340,2742.1078265771307
1109,6341,2744.440298122629
1110,6342,2746.7727696681277
1111,6343,2749.105241213626
1112,6344,2751.437712759124
1113,6345,2753.7701843046225
1114,6346,2756.102655850121
1115,6347,2758.43512739562
1116,6348,2760.767598941118
1117,6349,2763.1000704866165
1118,6350,2765.432542032115
1119,6351,2767.765013577614
1120,6352,2770.097485123112
1121,6353,2772.4299566686104
1122,6354,2774.762428214109
1123,6355,2777.094899759608
1124,6356,2779.427371305106
1125,6357,2781.7598428506044
1126,6358,2784.0923143961027
1127,6359,2786.4247859416014
1128,6360,2788.7572574870997
1129,6361,2791.0897290325984
1130,6362,2793.4222005780966
1131,6363,2795.7546721235954
1132,6364,2798.0871436690936
1133,6365,2800.4196152145923
1134,6366,2802.7520867600906
1135,6367,2805.0845583055893
1136,6368,2807.4170298510876
1137,6369,2809.7495013965863
1138,6370,2812.0819729420846
1139,6371,2814.4144444875833
1140,6372,2816.7469160330816
1141,6373,2819.0793875785803
1142,6374,2821.4118591240785
1143,6375,2823.7443306695773
1144,6376,2826.0768022150755
1145,6377,2828.4092737605743
1146,6378,2830.7417453060725
1147,6379,2833.074216851571
1148,6380,2835.406688397069
1149,6381,2837.7391599425678
1150,6382,2840.0716314880665
1151,6383,2842.4041030335648
1152,6384,2844.736574579063
1153,6385,2847.0690461245617
1154,6386,2849.4015176700605
1155,6387,2851.7339892155587
1156,6388,2854.066460761057
1157,6389,2856.3989323065557
1158,6390,2858.7314038520544
1159,6391,2861.0638753975527
1160,6392,2863.396346943051
1161,6393,2865.7288184885497
1162,6394,2868.0612900340484
1163,6395,2870.3937615795467
1164,6396,2872.726233125045
1165,6397,2875.0587046705436
1166,6398,2877.3911762160424
1167,6399,2879.7236477615406
1168,6400,2882.056119307039
1169,6401,2884.3885908525376
1170,6402,2886.7210623980363
1171,6403,2889.0535339435346
1172,6404,2891.386005489033
1173,6405,2893.7184770345316
1174,6406,2896.0509485800303
1175,6407,2898.3834201255286
1176,6408,2900.715891671027
1177,6409,2903.0483632165256
1178,6410,2905.3808347620243
1179,6411,2907.7133063075225
1180,6412,2910.045777853021
1181,6413,2912.3782493985195
1182,6414,2914.710720944018
1183,6415,2917.043192489516
1184,6416,2919.375664035015
1185,6417,2921.708135580513
1186,6418,2924.0406071260118
1187,6419,2926.37307867151
1188,6420,2928.7055502170087
1189,6421,2931.038021762507
1190,6422,2933.3704933080057
1191,6423,2935.702964853504
1192,6424,2938.0354363990027
1193,6425,2940.367907944501
1194,6426,2942.7003794899997
1195,6427,2945.032851035498
1196,6428,2947.3653225809967
1197,6429,2949.697794126495
1198,6430,2952.0302656719937
1199,6431,2954.362737217492
1200,6432,2956.6952087629907
1201,6433,2959.027680308489
1202,6434,2961.3601518539876
1203,6435,2963.692623399486
1204,6436,2966.0250949449846
1205,6437,2968.357566490483
1206,6438,2970.6900380359816
1207,6439,2973.02250958148
1208,6440,2975.3549811269786
1209,6441,2977.687452672477
1210,6442,2980.019924217975
1211,6443,2982.3523957634734
1212,6444,2984.684867308972
1213,6445,2987.017338854471
1214,6446,2989.349810399969
1215,6447,2991.6822819454674
1216,6448,2994.014753490966
1217,6449,2996.347225036465
1218,6450,2998.6796965819626
1219,6451,3001.0121681274613
1220,6452,3003.3446396729596
1221,6453,3005.6771112184583
1222,6454,3008.0095827639566
1223,6455,3010.3420543094553
1224,6456,3012.6745258549536
1225,6457,3015.0069974004523
1226,6458,3017.3394689459506
1227,6459,3019.6719404914493
1228,6460,3022.0044120369475
1229,6461,3024.3368835824463
1230,6462,3026.6693551279445
1231,6463,3029.0018266734432
1232,6464,3031.3342982189415
1233,6465,3033.6667697644402
1234,6466,3035.9992413099385
1235,6467,3038.331712855437
1236,6468,3040.6641844009355
1237,6469,3042.996655946434
1238,6470,3045.3291274919325
1239,6471,3047.661599037431
1240,6472,3049.9940705829295
1241,6473,3052.326542128428
1242,6474,3054.6590136739264
1243,6475,3056.991485219425
1244,6476,3059.3239567649234
1245,6477,3061.656428310422
1246,6478,3063.9888998559204
1247,6479,3066.321371401419
1248,6480,3068.6538429469174
1249,6481,3070.986314492416
1250,6482,3073.318786037915
1251,6483,3075.651257583413
1252,6484,3077.983729128912
1253,6485,3080.3162006744096
1254,6486,3082.648672219908
1255,6487,3084.9811437654066
1256,6488,3087.3136153109053
1257,6489,3089.6460868564036
1258,6490,3091.978558401902
1259,6491,3094.3110299474006
1260,6492,3096.6435014928993
1261,6493,3098.9759730383976
1262,6494,3101.308444583896
1263,6495,3103.6409161293946
1264,6496,3105.9733876748933
1265,6497,3108.3058592203915
1266,6498,3110.63833076589
1267,6499,3112.9708023113885
1268,6500,3115.3032738568872
1269,6501,3117.6357454023855
1270,6502,3119.968216947884
1271,6503,3122.3006884933825
1272,6504,3124.633160038881
1273,6505,3126.9656315843795
1274,6506,3129.2981031298777
1275,6507,3131.6305746753765
1276,6508,3133.963046220875
1277,6509,3136.2955177663735
1278,6510,3138.6279893118717
1279,6511,3140.9604608573704
1280,6512,3143.292932402869
1281,6513,3145.6254039483674
1282,6514,3147.9578754938657
1283,6515,3150.2903470393644
1284,6516,3152.622818584863
1285,6517,3154.9552901303614
1286,6518,3157.2877616758597
1287,6519,3159.6202332213584
1288,6520,3161.952704766857
1289,6521,3164.2851763123554
1290,6522,3166.6176478578536
1291,6523,3168.9501194033523
1292,6524,3171.282590948851
1293,6525,3173.6150624943493
1294,6526,3175.9475340398476
1295,6527,3178.2800055853463
1296,6528,3180.612477130845
1297,6529,3182.9449486763433
1298,6530,3185.2774202218416
1299,6531,3187.6098917673403
1300,6532,3189.942363312839
1301,6533,3192.2748348583373
1302,6534,3194.6073064038355
1303,6535,3196.9397779493343
1304,6536,3199.272249494833
1305,6537,3201.6047210403312
1306,6538,3203.9371925858295
1307,6539,3206.269664131328
1308,6540,3208.602135676827
1309,6541,3210.934607222325
1310,6542,3213.2670787678235
1311,6543,3215.599550313322
1312,6544,3217.932021858821
1313,6545,3220.264493404319
1314,6546,3222.5969649498174
1315,6547,3224.929436495316
1316,6548,3227.261908040815
1317,6549,3229.5943795863122
1318,6550,3231.926851131811
1319,6551,3234.2593226773097
1320,6552,3236.591794222808
1321,6553,3238.924265768306
1322,6554,3241.256737313805
1323,6555,3243.5892088593037
1324,6556,3245.921680404802
1325,6557,3248.2541519503
1326,6558,3250.586623495799
1327,6559,3252.9190950412976
1328,6560,3255.251566586796
1329,6561,3257.584038132294
1330,6562,3259.916509677793
1331,6563,3262.2489812232916
1332,6564,3264.581452768789
1333,6565,3266.9139243142877
1334,6566,3269.2463958597864
1335,6567,3271.5788674052847
1336,6568,3273.911338950783
1337,6569,3276.2438104962816
1338,6570,3278.5762820417804
1339,6571,3280.9087535872786
1340,6572,3283.241225132777
1341,6573,3285.5736966782756
1342,6574,3287.9061682237743
1343,6575,3290.2386397692726
1344,6576,3292.571111314771
1345,6577,3294.9035828602696
1346,6578,3297.2360544057683
1347,6579,3299.5685259512666
1348,6580,3301.900997496765
1349,6581,3304.2334690422636
1350,6582,3306.5659405877623
1351,6583,3308.8984121332605
1352,6584,3311.230883678759
1353,6585,3313.5633552242575
1354,6586,3315.8958267697562
1355,6587,3318.2282983152545
1356,6588,3320.5607698607528
1357,6589,3322.8932414062515
1358,6590,3325.22571295175
1359,6591,3327.5581844972485
1360,6592,3329.8906560427467
1361,6593,3332.2231275882455
1362,6594,3334.555599133744
1363,6595,3336.8880706792424
1364,6596,3339.2205422247407
1365,6597,3341.5530137702394
1366,6598,3343.885485315738
1367,6599,3346.2179568612364
1368,6600,3348.5504284067347
1369,6601,3350.8828999522334
1370,6602,3353.215371497732
1371,6603,3355.5478430432304
1372,6604,3357.8803145887287
1373,6605,3360.2127861342274
1374,6606,3362.545257679726
1375,6607,3364.8777292252244
1376,6608,3367.2102007707226
1377,6609,3369.542672316221
1378,6610,3371.875143861719
1379,6611,3374.2076154072174
1380,6612,3376.540086952716
1381,6613,3378.872558498215
1382,6614,3381.205030043713
1383,6615,3383.5375015892114
1384,6616,3385.86997313471
1385,6617,3388.202444680209
1386,6618,3390.534916225707
1387,6619,3392.8673877712054
1388,6620,3395.199859316704
1389,6621,3397.532330862203
1390,6622,3399.864802407701
1391,6623,3402.1972739531993
1392,6624,3404.529745498698
1393,6625,3406.8622170441968
1394,6626,3409.194688589695
1395,6627,3411.5271601351933
1396,6628,3413.859631680692
1397,6629,3416.1921032261907
1398,6630,3418.524574771689
1399,6631,3420.8570463171873
1400,6632,3423.189517862686
1401,6633,3425.5219894081847
1402,6634,3427.854460953683
1403,6635,3430.1869324991812
1404,6636,3432.51940404468
1405,6637,3434.8518755901787
1406,6638,3437.184347135677
1407,6639,3439.516818681175
1408,6640,3441.849290226674
1409,6641,3444.1817617721726
1410,6642,3446.514233317671
1411,6643,3448.846704863169
1412,6644,3451.179176408668
1413,6645,3453.5116479541666
1414,6646,3455.844119499665
1415,6647,3458.176591045163
1416,6648,3460.509062590662
1417,6649,3462.8415341361606
1418,6650,3465.174005681659
1419,6651,3467.506477227157
1420,6652,3469.838948772656
1421,6653,3472.1714203181546
1422,6654,3474.503891863653
1423,6655,3476.836363409151
1424,6656,3479.16883495465
1425,6657,3481.5013065001485
1426,6658,3483.833778045647
1427,6659,3486.166249591145
1428,6660,3488.498721136644
1429,6661,3490.8311926821425
1430,6662,3493.1636642276408
1431,6663,3495.496135773139
1432,6664,3497.8286073186378
1433,6665,3500.1610788641365
1434,6666,3502.4935504096347
1435,6667,3504.826021955133
1436,6668,3507.1584935006317
1437,6669,3509.4909650461304
1438,6670,3511.8234365916287
1439,6671,3514.155908137127
1440,6672,3516.4883796826257
1441,6673,3518.8208512281244
1442,6674,3521.1533227736227
1443,6675,3523.485794319121
1444,6676,3525.8182658646197
1445,6677,3528.1507374101184
1446,6678,3530.4832089556166
1447,6679,3532.8156805011145
1448,6680,3535.148152046613
1449,6681,3537.4806235921114
1450,6682,3539.8130951376097
1451,6683,3542.1455666831084
1452,6684,3544.478038228607
1453,6685,3546.8105097741054
1454,6686,3549.1429813196037
1455,6687,3551.4754528651024
1456,6688,3553.807924410601
1457,6689,3556.1403959560994
1458,6690,3558.4728675015976
1459,6691,3560.8053390470964
1460,6692,3563.137810592595
1461,6693,3565.4702821380934
1462,6694,3567.8027536835916
1463,6695,3570.1352252290903
1464,6696,3572.467696774589
1465,6697,3574.8001683200873
1466,6698,3577.1326398655856
1467,6699,3579.4651114110843
1468,6700,3581.797582956583
1469,6701,3584.1300545020813
1470,6702,3586.4625260475796
1471,6703,3588.7949975930783
1472,6704,3591.127469138577
1473,6705,3593.4599406840753
1474,6706,3595.7924122295735
1475,6707,3598.1248837750722
1476,6708,3600.457355320571
1477,6709,3602.7898268660692
1478,6710,3605.1222984115675
1479,6711,3607.454769957066
1480,6712,3609.787241502565
1481,6713,3612.119713048063
1482,6714,3614.4521845935615
1483,6715,3616.78465613906
1484,6716,3619.117127684559
1485,6717,3621.449599230057
1486,6718,3623.7820707755554
1487,6719,3626.114542321054
1488,6720,3628.447013866553
1489,6721,3630.779485412051
1490,6722,3633.1119569575494
1491,6723,3635.444428503048
1492,6724,3637.776900048547
1493,6725,3640.109371594045
1494,6726,3642.4418431395434
1495,6727,3644.774314685042
1496,6728,3647.106786230541
1497,6729,3649.439257776038
1498,6730,3651.771729321537
1499,6731,3654.1042008670356
1500,6732,3656.436672412534
1501,6733,3658.769143958032
1502,6734,3661.101615503531
1503,6735,3663.4340870490296
1504,6736,3665.766558594528
1505,6737,3668.099030140026
1506,6738,3670.431501685525
1507,6739,3672.7639732310236
1508,6740,3675.096444776522
1509,6741,3677.42891632202
1510,6742,3679.761387867519
1511,6743,3682.0938594130175
1512,6744,3684.426330958516
1513,6745,3686.758802504014
1514,6746,3689.091274049513
1515,6747,3691.4237455950115
1516,6748,3693.7562171405098
1517,6749,3696.088688686008
1518,6750,3698.4211602315063
1519,6751,3700.7536317770046
1520,6752,3703.086103322503
1521,6753,3705.4185748680015
1522,6754,3707.7510464135003
1523,6755,3710.0835179589985
1524,6756,3712.415989504497
1525,6757,3714.7484610499955
1526,6758,3717.0809325954942
1527,6759,3719.4134041409925
1528,6760,3721.7458756864908
1529,6761,3724.0783472319895
1530,6762,3726.410818777488
1531,6763,3728.7432903229865
1532,6764,3731.0757618684847
1533,6765,3733.4082334139835
1534,6766,3735.740704959482
1535,6767,3738.0731765049804
1536,6768,3740.4056480504787
1537,6769,3742.7381195959774
1538,6770,3745.070591141476
1539,6771,3747.4030626869744
1540,6772,3749.7355342324727
1541,6773,3752.0680057779714
1542,6774,3754.40047732347
1543,6775,3756.7329488689684
1544,6776,3759.0654204144666
1545,6777,3761.3978919599654
1546,6778,3763.730363505464
1547,6779,3766.0628350509623
1548,6780,3768.3953065964606
1549,6781,3770.7277781419593
1550,6782,3773.060249687458
1551,6783,3775.3927212329563
1552,6784,3777.7251927784546
1553,6785,3780.0576643239533
1554,6786,3782.390135869452
1555,6787,3784.7226074149503
1556,6788,3787.0550789604486
1557,6789,3789.3875505059473
1558,6790,3791.720022051446
1559,6791,3794.0524935969443
1560,6792,3796.3849651424425
1561,6793,3798.7174366879412
1562,6794,3801.04990823344
1563,6795,3803.3823797789382
1564,6796,3805.7148513244365
1565,6797,3808.047322869935
1566,6798,3810.379794415434
1567,6799,3812.712265960932
1568,6800,3815.0447375064305
1569,6801,3817.377209051929
1570,6802,3819.709680597428
1571,6803,3822.042152142926
1572,6804,3824.3746236884244
1573,6805,3826.707095233923
1574,6806,3829.039566779422
1575,6807,3831.37203832492
1576,6808,3833.7045098704184
1577,6809,3836.036981415917
1578,6810,3838.369452961416
1579,6811,3840.701924506914
1580,6812,3843.0343960524124
1581,6813,3845.366867597911
1582,6814,3847.69933914341
1583,6815,3850.031810688908
1584,6816,3852.3642822344063
1585,6817,3854.696753779905
1586,6818,3857.029225325404
1587,6819,3859.361696870902
1588,6820,3861.6941684164
1589,6821,3864.0266399618986
1590,6822,3866.359111507397
1591,6823,3868.691583052895
1592,6824,3871.024054598394
1593,6825,3873.3565261438926
1594,6826,3875.688997689391
1595,6827,3878.021469234889
1596,6828,3880.353940780388
1597,6829,3882.6864123258865
1598,6830,3885.018883871385
1599,6831,3887.351355416883
1600,6832,3889.6838269623818
1601,6833,3892.0162985078805
1602,6834,3894.3487700533788
1603,6835,3896.681241598877
1604,6836,3899.0137131443757
1605,6837,3901.3461846898745
1606,6838,3903.6786562353727
1607,6839,3906.011127780871
1608,6840,3908.3435993263697
1609,6841,3910.6760708718684
1610,6842,3913.0085424173667
1611,6843,3915.341013962865
1612,6844,3917.6734855083637
1613,6845,3920.0059570538624
1614,6846,3922.3384285993607
1615,6847,3924.670900144859
1616,6848,3927.0033716903577
1617,6849,3929.3358432358564
1618,6850,3931.6683147813546
1619,6851,3934.000786326853
1620,6852,3936.3332578723516
1621,6853,3938.6657294178503
1622,6854,3940.9982009633486
1623,6855,3943.330672508847
1624,6856,3945.6631440543456
1625,6857,3947.9956155998443
1626,6858,3950.3280871453426
1627,6859,3952.660558690841
1628,6860,3954.9930302363396
1629,6861,3957.3255017818383
1630,6862,3959.6579733273365
1631,6863,3961.990444872835
1632,6864,3964.3229164183335
1633,6865,3966.6553879638323
1634,6866,3968.9878595093305
1635,6867,3971.320331054829
1636,6868,3973.6528026003275
1637,6869,3975.985274145826
1638,6870,3978.3177456913245
1639,6871,3980.6502172368228
1640,6872,3982.9826887823215
1641,6873,3985.31516032782
1642,6874,3987.6476318733185
1643,6875,3989.9801034188167
1644,6876,3992.3125749643154
1645,6877,3994.645046509814
1646,6878,3996.9775180553124
1647,6879,3999.3099896008107
1648,6880,4001.6424611463094
1649,6881,4003.974932691808
1650,6882,4006.3074042373064
1651,6883,4008.6398757828047
1652,6884,4010.9723473283034
1653,6885,4013.304818873802
1654,6886,4015.6372904193004
1655,6887,4017.9697619647986
1656,6888,4020.3022335102974
1657,6889,4022.634705055796
1658,6890,4024.9671766012943
1659,6891,4027.299648146792
1660,6892,4029.632119692291
1661,6893,4031.964591237789
1662,6894,4034.297062783287
1663,6895,4036.6295343287857
1664,6896,4038.962005874284
1665,6897,4041.294477419782
1666,6898,4043.626948965281
1667,6899,4045.9594205107796
1668,6900,4048.291892056278
1669,6901,4050.624363601776
1670,6902,4052.956835147275
1671,6903,4055.2893066927736
1672,6904,4057.621778238272
1673,6905,4059.95424978377
1674,6906,4062.286721329269
1675,6907,4064.6191928747676
1676,6908,4066.951664420266
1677,6909,4069.284135965764
1678,6910,4071.616607511263
1679,6911,4073.9490790567615
1680,6912,4076.28155060226
1681,6913,4078.614022147758
1682,6914,4080.946493693257
1683,6915,4083.2789652387555
1684,6916,4085.611436784254
1685,6917,4087.943908329752
1686,6918,4090.2763798752508
1687,6919,4092.6088514207495
1688,6920,4094.9413229662478
1689,6921,4097.273794511746
1690,6922,4099.606266057244
1691,6923,4101.9387376027435
1692,6924,4104.271209148242
1693,6925,4106.60368069374
1694,6926,4108.936152239239
1695,6927,4111.268623784737
1696,6928,4113.601095330236
1697,6929,4115.933566875734
1698,6930,4118.266038421232
1699,6931,4120.598509966731
1700,6932,4122.93098151223
1701,6933,4125.263453057728
1702,6934,4127.595924603227
1703,6935,4129.928396148725
1704,6936,4132.260867694224
1705,6937,4134.593339239722
1706,6938,4136.92581078522
1707,6939,4139.258282330719
1708,6940,4141.590753876218
1709,6941,4143.923225421716
1710,6942,4146.255696967215
1711,6943,4148.588168512713
1712,6944,4150.920640058212
1713,6945,4153.25311160371
1714,6946,4155.585583149208
1715,6947,4157.918054694707
1716,6948,4160.2505262402055
1717,6949,4162.582997785704
1718,6950,4164.915469331203
1719,6951,4167.247940876701
1720,6952,4169.5804124221995
1721,6953,4171.912883967698
1722,6954,4174.245355513196
1723,6955,4176.577827058695
1724,6956,4178.9102986041935
1725,6957,4181.242770149692
1726,6958,4183.575241695191
1727,6959,4185.907713240689
1728,6960,4188.2401847861875
1729,6961,4190.572656331686
1730,6962,4192.905127877184
1731,6963,4195.237599422682
1732,6964,4197.5700709681805
1733,6965,4199.902542513679
1734,6966,4202.235014059178
1735,6967,4204.567485604676
1736,6968,4206.8999571501745
1737,6969,4209.232428695674
1738,6970,4211.564900241172
1739,6971,4213.89737178667
1740,6972,4216.2298433321685
1741,6973,4218.562314877667
1742,6974,4220.894786423166
1743,6975,4223.227257968664
1744,6976,4225.559729514162
